socks5://72.49.49.11:31034,ZZ,Unknown
socks5://208.102.51.6:58208,ZZ,Unknown
socks5://69.61.200.104:36181,ZZ,Unknown
socks5://66.42.224.229:41679,ZZ,Unknown
socks5://174.64.199.82:4145,ZZ,Unknown
socks5://72.195.34.42:4145,ZZ,Unknown
socks5://192.111.137.37:18762,ZZ,Unknown
socks5://192.252.209.155:14455,ZZ,Unknown
socks5://192.252.208.70:14282,ZZ,Unknown
socks5://192.111.135.17:18302,ZZ,Unknown
socks5://192.252.211.197:14921,ZZ,Unknown
socks5://192.111.139.163:19404,ZZ,Unknown
socks5://72.195.34.35:27360,ZZ,Unknown
socks5://174.77.111.198:49547,ZZ,Unknown
socks5://98.178.72.21:10919,ZZ,Unknown
socks5://184.178.172.25:15291,ZZ,Unknown
socks5://184.178.172.18:15280,ZZ,Unknown
socks5://70.166.167.55:57745,ZZ,Unknown
socks5://184.178.172.5:15303,ZZ,Unknown
socks5://72.195.34.41:4145,ZZ,Unknown
socks5://70.166.167.38:57728,ZZ,Unknown
socks5://198.8.94.174:39078,ZZ,Unknown
socks5://174.75.211.193:4145,US,Unknown
socks5://72.205.0.67:4145,US,Unknown
socks5://162.253.68.97:4145,ZZ,Unknown
socks5://192.252.220.92:17328,ZZ,Unknown
socks5://67.201.33.10:25283,ZZ,Unknown
socks5://212.237.125.216:6969,IQ,Unknown
socks5://195.39.233.14:44567,UA,Unknown
socks5://78.63.115.20:8899,LT,Unknown
socks5://67.210.146.50:11080,US,Unknown
socks5://184.170.251.30:11288,US,Unknown
socks5://195.91.129.101:1337,RU,Unknown
socks5://103.174.122.197:8199,ID,Unknown
socks5://102.36.127.231:1080,ZA,Unknown
socks5://121.169.46.116:1090,KR,Osan
socks5://103.76.149.140:1080,ID,Unknown
socks5://168.253.92.93:10808,ZA,Unknown
socks5://203.25.208.163:1011,CN,Unknown
socks5://202.62.42.92:1080,KH,Unknown
socks5://110.235.248.142:1080,KH,Unknown
socks5://102.217.190.157:7080,ZA,Unknown
socks5://205.185.113.92:1080,US,Unknown
socks5://5.255.113.177:1080,NL,Dronten
socks5://5.255.117.250:1080,NL,Dronten
socks5://203.189.135.73:1080,KH,Unknown
socks5://202.79.26.242:1080,KH,Unknown
socks5://213.226.126.100:1080,RU,Unknown
socks5://110.235.247.105:1080,KH,Unknown
socks5://115.127.112.178:1080,BD,Unknown
socks5://203.189.135.105:1080,KH,Unknown
socks5://110.235.252.74:1080,KH,Unknown
socks5://202.62.52.120:1080,KH,Unknown
socks5://77.93.42.198:1080,UA,Unknown
socks5://102.0.14.42:1080,KE,Unknown
socks5://138.68.247.51:1080,US,Unknown
socks5://110.232.86.221:1080,ID,Unknown
socks5://202.58.16.236:1080,KH,Unknown
socks5://103.206.68.241:1080,KH,Unknown
socks5://202.72.232.121:1080,BD,Unknown
socks5://149.62.186.244:1080,IT,Unknown
socks5://5.255.99.75:1080,ZZ,Unknown
socks5://114.130.175.146:1088,BD,Unknown
socks5://185.209.29.226:1080,RU,Unknown
socks5://103.75.118.84:1080,JP,Unknown
socks5://185.175.229.58:1080,KH,Unknown
socks5://223.25.109.146:8199,ID,Unknown
socks5://110.235.240.223:1080,KH,Unknown
socks5://151.252.80.124:1080,RU,Unknown
socks5://206.123.156.254:5962,IN,Unknown
socks5://217.76.39.4:1080,RU,Unknown
socks5://202.79.27.12:1080,KH,Unknown
socks5://206.123.156.233:4911,FR,Unknown
socks5://206.123.156.226:6024,GB,Unknown
socks5://119.148.51.30:22122,BD,Unknown
socks5://119.148.62.42:22122,BD,Unknown
socks5://119.148.11.141:22122,BD,Unknown
socks5://77.50.104.110:1080,RU,Unknown
socks5://103.239.52.100:1080,KH,Unknown
socks5://124.248.177.43:1080,KH,Unknown
socks5://195.133.250.173:3128,RU,Unknown
socks5://110.235.248.150:1080,KH,Unknown
socks5://163.47.37.190:1080,BD,Unknown
socks5://202.40.190.74:1080,BD,Unknown
socks5://110.235.246.62:1080,KH,Unknown
socks5://213.226.122.5:7788,RU,Unknown
socks5://93.187.188.30:1080,RU,Unknown
socks5://124.248.191.83:1080,KH,Unknown
socks5://134.175.238.113:1080,CN,Unknown
socks5://206.123.156.227:8008,IN,Unknown
socks5://206.123.156.188:8079,GB,Unknown
socks5://206.123.156.207:6182,US,Unknown
socks5://206.123.156.188:6402,US,Unknown
socks5://206.123.156.220:5851,US,Unknown
socks5://206.123.156.233:15219,VN,Unknown
socks5://206.123.156.224:6956,BG,Unknown
socks5://206.123.156.203:8378,IN,Unknown
socks5://206.123.156.214:6276,BD,Unknown
socks5://206.123.156.214:6039,US,Unknown
socks5://206.123.156.213:6447,FI,Unknown
socks5://206.123.156.187:4730,VN,Unknown
socks5://206.123.156.220:6462,IN,Unknown
socks5://202.4.117.136:12321,BD,Unknown
socks5://206.123.156.236:11217,DE,Unknown
socks5://206.123.156.226:5076,FR,Unknown
socks5://195.190.121.154:1080,RU,Unknown
socks5://206.123.156.214:5611,CA,Unknown
socks5://206.123.156.211:30725,US,Unknown
socks5://176.117.105.226:10820,ZZ,Unknown
socks5://206.123.156.224:5136,VN,Unknown
socks5://206.123.156.189:6045,FR,Unknown
socks5://206.123.156.191:5568,BR,Unknown
socks5://206.123.156.188:4764,FR,Unknown
socks5://206.123.156.187:8940,US,Unknown
socks5://206.123.156.182:9817,VN,Unknown
socks5://206.123.156.254:11242,IN,Unknown
socks5://195.19.48.251:1080,RU,Unknown
socks5://195.19.49.8:1080,RU,Unknown
socks5://206.123.156.197:6765,US,Unknown
socks5://206.123.156.219:5929,SE,Unknown
socks5://206.123.156.224:6957,BG,Unknown
socks5://206.123.156.207:5360,US,Unknown
socks5://206.123.156.222:5785,BD,Unknown
socks5://195.19.49.38:1080,RU,Unknown
socks5://167.234.227.210:10808,BR,Unknown
socks5://206.123.156.214:5998,VN,Unknown
socks5://206.123.156.213:8081,AT,Unknown
socks5://206.123.156.228:6118,US,Unknown
socks5://206.123.156.219:4413,FR,Unknown
socks5://206.123.156.235:9090,IN,Unknown
socks5://206.123.156.222:42130,IN,Unknown
socks5://206.123.156.227:5052,PL,Unknown
socks5://206.123.156.194:5003,VN,Unknown
socks5://206.123.156.231:4439,SE,Unknown
socks5://206.123.156.225:5195,IN,Unknown
socks5://206.123.156.222:4989,FR,Unknown
socks5://206.123.156.219:4800,CA,Unknown
socks5://195.19.50.85:1080,RU,Unknown
socks5://37.49.224.243:1080,EE,Unknown
socks5://206.123.156.236:12953,IN,Unknown
socks5://206.123.156.214:44250,ES,Unknown
socks5://206.123.156.224:12280,VN,Unknown
socks5://206.123.156.178:5252,FR,Unknown
socks5://206.123.156.178:5077,ID,Unknown
socks5://206.123.156.178:12061,BG,Unknown
socks5://206.123.156.222:4961,US,Unknown
socks5://206.123.156.178:8549,BG,Unknown
socks5://206.123.156.226:12731,BG,Unknown
socks5://206.123.156.178:5968,US,Unknown
socks5://206.123.156.214:9767,US,Unknown
socks5://206.123.156.234:5214,FR,Unknown
socks5://206.123.156.178:8602,CA,Unknown
socks5://206.123.156.226:5001,ZZ,Unknown
socks5://170.64.170.204:1080,AU,Unknown
socks5://206.123.156.178:7506,BG,Unknown
socks5://206.123.156.226:26984,SG,Unknown
socks5://206.123.156.222:5275,VN,Unknown
socks5://206.123.156.203:5525,VN,Unknown
socks5://206.123.156.236:4185,IN,Unknown
socks5://206.123.156.226:4787,GB,Unknown
socks5://111.67.103.162:1080,KH,Unknown
socks5://206.123.156.227:8033,IN,Unknown
socks5://206.123.156.214:7590,GB,Unknown
socks5://190.218.146.195:6881,PA,Unknown
socks5://206.123.156.187:8297,BG,Unknown
socks5://206.123.156.228:4713,IN,Unknown
socks5://206.123.156.207:9154,HK,Unknown
socks5://212.58.132.5:1080,US,Unknown
socks5://206.123.156.226:24588,US,Unknown
socks5://206.123.156.178:4412,VN,Unknown
socks5://206.123.156.224:4575,VN,Unknown
socks5://206.123.156.224:4688,US,Unknown
socks5://206.123.156.224:4436,CA,Unknown
socks5://206.123.156.224:4361,VN,Unknown
socks5://206.123.156.219:4472,IN,Unknown
socks5://206.123.156.238:4364,US,Unknown
socks5://206.123.156.224:4490,IN,Unknown
socks5://206.123.156.228:4408,US,Unknown
socks5://206.123.156.224:4729,VN,Unknown
socks5://206.123.156.189:4812,VN,Unknown
socks5://206.123.156.178:4118,US,Unknown
socks5://206.123.156.219:4801,LK,Unknown
socks5://206.123.156.222:4691,FR,Unknown
socks5://206.123.156.207:11905,DE,Unknown
socks5://206.123.156.228:46070,IN,Unknown
socks5://87.249.206.43:7788,RU,Unknown
socks5://93.177.116.84:1080,RU,Unknown
socks5://206.123.156.227:9295,VN,Unknown
socks5://103.119.60.219:1080,ID,Unknown
socks5://206.123.156.225:4636,BG,Unknown
socks5://206.123.156.231:6196,VN,Unknown
socks5://79.172.212.71:1080,HU,Unknown
socks5://206.123.156.224:4334,FR,Unknown
socks5://144.124.232.204:1080,ZZ,Unknown
socks5://193.221.203.192:1080,FI,Unknown
socks5://206.123.156.225:7592,VN,Unknown
socks5://206.123.156.189:6275,VN,Unknown
socks5://137.184.239.147:1080,US,Unknown
socks5://206.123.156.178:4388,MN,Unknown
socks5://206.123.156.216:12980,IN,Unknown
socks5://206.123.156.222:4655,IN,Unknown
socks5://206.123.156.189:6627,KW,Unknown
socks5://206.123.156.195:7208,FI,Unknown
socks5://206.123.156.235:10808,GB,Unknown
socks5://206.123.156.215:7121,US,Unknown
socks5://206.123.156.196:6705,DE,Unknown
socks5://206.123.156.226:5502,VN,Unknown
socks5://206.123.156.196:5869,FR,Unknown
socks5://206.123.156.207:4311,AT,Unknown
socks5://206.123.156.222:7258,US,Unknown
socks5://206.123.156.226:5484,VN,Unknown
socks5://206.123.156.222:6652,BG,Unknown
socks5://206.123.156.197:6418,SG,Unknown
socks5://206.123.156.226:6126,VN,Unknown
socks5://206.123.156.221:5835,VN,Unknown
socks5://206.123.156.236:9097,US,Unknown
socks5://206.123.156.222:5622,CA,Unknown
socks5://206.123.156.226:4393,FR,Unknown
socks5://206.123.156.207:8952,SG,Unknown
socks5://206.123.156.226:8012,FR,Unknown
socks5://206.123.156.215:4041,BR,Unknown
socks5://206.123.156.226:6095,US,Unknown
socks5://206.123.156.226:4316,BG,Unknown
socks5://206.123.156.207:8653,US,Unknown
socks5://206.123.156.195:7340,FR,Unknown
socks5://206.123.156.226:5228,US,Unknown
socks5://206.123.156.215:4782,MN,Unknown
socks5://206.123.156.235:5293,BD,Unknown
socks5://206.123.156.226:6495,US,Unknown
socks5://206.123.156.196:6610,ZZ,Unknown
socks5://206.123.156.215:4700,BG,Unknown
socks5://206.123.156.226:5769,CA,Unknown
socks5://206.123.156.197:6448,US,Unknown
socks5://206.123.156.215:5140,PT,Unknown
socks5://206.123.156.222:5678,US,Unknown
socks5://206.123.156.236:11004,DE,Unknown
socks5://77.239.112.110:1080,US,Unknown
socks5://206.123.156.201:14832,US,Unknown
socks5://206.123.156.234:9791,US,Unknown
socks5://185.233.184.165:1080,ZZ,Unknown
socks5://206.123.156.215:21843,GB,Unknown
socks5://206.123.156.196:5068,SG,Unknown
socks5://206.123.156.226:4061,BD,Unknown
socks5://206.123.156.196:5767,US,Unknown
socks5://206.123.156.226:5994,DE,Unknown
socks5://206.123.156.226:5928,CA,Unknown
socks5://206.123.156.196:6848,US,Unknown
socks5://206.123.156.215:5769,US,Unknown
socks5://206.123.156.226:6023,FR,Unknown
socks5://206.123.156.226:4545,US,Unknown
socks5://206.123.156.217:13156,GB,Unknown
socks5://8.218.152.184:1111,HK,Unknown
socks5://206.123.156.197:4202,IN,Unknown
socks5://206.123.156.195:5399,FR,Unknown
socks5://206.123.156.203:5800,PT,Unknown
socks5://206.123.156.228:4948,US,Unknown
socks5://206.123.156.207:7631,VN,Unknown
socks5://206.123.156.220:7856,FR,Unknown
socks5://206.123.156.189:4722,VN,Unknown
socks5://206.123.156.219:7543,VN,Unknown
socks5://206.123.156.203:5456,SG,Unknown
socks5://206.123.156.225:9302,BG,Unknown
socks5://206.123.156.236:11602,KW,Unknown
socks5://206.123.156.236:4216,US,Unknown
socks5://206.123.156.234:28084,VN,Unknown
socks5://206.123.156.189:10116,BG,Unknown
socks5://206.123.156.225:7899,US,Unknown
socks5://206.123.156.219:8447,VN,Unknown
socks5://206.123.156.207:10533,US,Unknown
socks5://206.123.156.189:8090,US,Unknown
socks5://206.123.156.226:11348,IN,Unknown
socks5://206.123.156.207:4011,VN,Unknown
socks5://206.123.156.228:10128,US,Unknown
socks5://206.123.156.236:4077,GB,Unknown
socks5://206.123.156.204:9376,SG,Unknown
socks5://206.123.156.235:9510,BG,Unknown
socks5://206.123.156.182:9884,BG,Unknown
socks5://206.123.156.182:10185,BG,Unknown
socks5://206.123.156.235:4846,VN,Unknown
socks5://206.123.156.219:5565,US,Unknown
socks5://154.209.4.204:38080,HK,Unknown
socks5://45.61.188.134:44499,US,Unknown
socks5://206.123.156.220:13156,BG,Unknown
socks5://206.123.156.196:4453,VN,Unknown
socks5://206.123.156.189:4545,VN,Unknown
socks5://206.123.156.215:6859,BR,Unknown
socks5://206.123.156.238:9715,US,Unknown
socks5://206.123.156.182:6201,IN,Unknown
socks5://206.123.156.211:7646,BD,Unknown
socks5://206.123.156.187:10797,BG,Unknown
socks5://206.123.156.220:5540,BR,Unknown
socks5://147.45.221.189:1080,RU,Unknown
socks5://91.210.171.209:7879,RU,Unknown
socks5://206.123.156.235:8674,US,Unknown
socks5://206.123.156.236:11714,IN,Unknown
socks5://206.123.156.228:9930,US,Unknown
socks5://103.191.218.119:69,ID,Unknown
socks5://206.123.156.235:7358,US,Unknown
socks5://206.123.156.211:5588,FR,Unknown
socks5://206.123.156.201:4386,AT,Unknown
socks5://206.123.156.226:6336,US,Unknown
socks5://206.123.156.222:4519,VN,Unknown
socks5://206.123.156.178:10322,IN,Unknown
socks5://206.123.156.178:7766,US,Unknown
socks5://206.123.156.207:6351,IT,Unknown
socks5://206.123.156.227:8612,KW,Unknown
socks5://206.123.156.224:6992,BG,Unknown
socks5://206.123.156.227:9508,US,Unknown
socks5://206.123.156.228:7259,US,Unknown
socks5://206.123.156.225:9788,US,Unknown
socks5://206.123.156.234:8107,FR,Unknown
socks5://206.123.156.227:8444,US,Unknown
socks5://206.123.156.233:6472,US,Unknown
socks5://206.123.156.231:8749,BR,Unknown
socks5://206.123.156.227:9995,ZZ,Unknown
socks5://206.123.156.196:7510,US,Unknown
socks5://206.123.156.225:7813,VN,Unknown
socks5://206.123.156.233:7192,BG,Unknown
socks5://206.123.156.233:5880,GB,Unknown
socks5://206.123.156.224:5565,US,Unknown
socks5://206.123.156.233:5500,BR,Unknown
socks5://206.123.156.215:7213,JP,Unknown
socks5://206.123.156.204:8740,PK,Unknown
socks5://206.123.156.204:7668,AT,Unknown
socks5://206.123.156.204:7547,CA,Unknown
socks5://206.123.156.233:9596,FR,Unknown
socks5://206.123.156.233:5153,VN,Unknown
socks5://206.123.156.228:9574,VN,Unknown
socks5://206.123.156.215:7197,FI,Unknown
socks5://206.123.156.226:4778,IE,Unknown
socks5://206.123.156.228:8738,GB,Unknown
socks5://206.123.156.226:6963,BG,Unknown
socks5://206.123.156.224:7711,US,Unknown
socks5://206.123.156.227:8096,VN,Unknown
socks5://206.123.156.226:4459,GB,Unknown
socks5://206.123.156.226:5935,US,Unknown
socks5://206.123.156.207:10277,DE,Unknown
socks5://206.123.156.225:8299,CA,Unknown
socks5://206.123.156.228:5998,US,Unknown
socks5://206.123.156.227:7877,SG,Unknown
socks5://160.22.200.60:69,ID,Unknown
socks5://206.123.156.233:7441,VN,Unknown
socks5://206.123.156.222:10689,BG,Unknown
socks5://206.123.156.201:14570,LK,Unknown
socks5://206.123.156.222:9464,VN,Unknown
socks5://206.123.156.224:7103,US,Unknown
socks5://206.123.156.226:4596,US,Unknown
socks5://206.123.156.233:7836,BG,Unknown
socks5://206.123.156.222:8321,VN,Unknown
socks5://206.123.156.227:5073,US,Unknown
socks5://206.123.156.226:6018,US,Unknown
socks5://206.123.156.227:6882,PL,Unknown
socks5://206.123.156.224:6465,CA,Unknown
socks5://206.123.156.231:9426,CA,Unknown
socks5://206.123.156.228:8708,SG,Unknown
socks5://206.123.156.225:6290,VN,Unknown
socks5://206.123.156.225:6703,BR,Unknown
socks5://206.123.156.227:7668,US,Unknown
socks5://206.123.156.226:4502,US,Unknown
socks5://206.123.156.225:5068,BG,Unknown
socks5://206.123.156.226:5224,VN,Unknown
socks5://206.123.156.222:10479,BR,Unknown
socks5://206.123.156.222:14946,BG,Unknown
socks5://206.123.156.222:4979,US,Unknown
socks5://206.123.156.225:6274,US,Unknown
socks5://206.123.156.197:5619,BR,Unknown
socks5://206.123.156.224:5462,IN,Unknown
socks5://206.123.156.233:8243,US,Unknown
socks5://206.123.156.224:13576,US,Unknown
socks5://206.123.156.225:4354,IN,Unknown
socks5://206.123.156.233:4554,US,Unknown
socks5://206.123.156.233:5497,VN,Unknown
socks5://206.123.156.207:10635,US,Unknown
socks5://206.123.156.228:7814,KW,Unknown
socks5://206.123.156.228:5986,GB,Unknown
socks5://206.123.156.231:6928,BR,Unknown
socks5://206.123.156.228:7924,US,Unknown
socks5://206.123.156.233:4344,ZZ,Unknown
socks5://206.123.156.178:6064,US,Unknown
socks5://206.123.156.227:10556,ZZ,Unknown
socks5://206.123.156.228:9629,US,Unknown
socks5://206.123.156.225:6541,VN,Unknown
socks5://206.123.156.238:5023,IN,Unknown
socks5://206.123.156.227:7667,US,Unknown
socks5://206.123.156.227:8298,US,Unknown
socks5://206.123.156.224:7789,BR,Unknown
socks5://206.123.156.227:8753,US,Unknown
socks5://206.123.156.225:6051,CA,Unknown
socks5://206.123.156.196:7062,US,Unknown
socks5://206.123.156.233:8305,IN,Unknown
socks5://206.123.156.178:4697,FR,Unknown
socks5://206.123.156.225:4306,ZZ,Unknown
socks5://206.123.156.215:4925,US,Unknown
socks5://206.123.156.204:7688,US,Unknown
socks5://206.123.156.224:8850,BG,Unknown
socks5://206.123.156.201:7617,FR,Unknown
socks5://206.123.156.224:4795,VN,Unknown
socks5://206.123.156.227:7849,ET,Unknown
socks5://206.123.156.203:17104,ID,Unknown
socks5://206.123.156.233:8539,VN,Unknown
socks5://206.123.156.233:7775,CA,Unknown
socks5://206.123.156.233:10363,US,Unknown
socks5://206.123.156.228:6592,GB,Unknown
socks5://206.123.156.187:7676,US,Unknown
socks5://206.123.156.224:10182,BD,Unknown
socks5://206.123.156.233:7023,US,Unknown
socks5://206.123.156.207:10481,SG,Unknown
socks5://206.123.156.197:4038,VN,Unknown
socks5://206.123.156.225:9266,BG,Unknown
socks5://206.123.156.215:7335,IT,Unknown
socks5://206.123.156.228:6069,US,Unknown
socks5://206.123.156.233:8646,GB,Unknown
socks5://206.123.156.187:7940,US,Unknown
socks5://206.123.156.215:5539,VN,Unknown
socks5://206.123.156.233:10378,US,Unknown
socks5://5.255.103.55:1080,ZZ,Unknown
socks5://206.123.156.196:5658,PT,Unknown
socks5://206.123.156.228:6634,GB,Unknown
socks5://206.123.156.233:4496,FR,Unknown
socks5://206.123.156.233:7942,US,Unknown
socks5://206.123.156.187:9098,VN,Unknown
socks5://206.123.156.233:8359,VN,Unknown
socks5://206.123.156.225:6348,US,Unknown
socks5://206.123.156.187:8430,US,Unknown
socks5://206.123.156.233:5786,VN,Unknown
socks5://206.123.156.233:4540,US,Unknown
socks5://206.123.156.217:22548,US,Unknown
socks5://206.123.156.233:20443,US,Unknown
socks5://206.123.156.235:4153,VN,Unknown
socks5://206.123.156.215:5158,SE,Unknown
socks5://206.123.156.189:8709,VN,Unknown
socks5://206.123.156.196:6471,US,Unknown
socks5://206.123.156.228:4834,US,Unknown
socks5://152.53.144.223:1080,AT,Unknown
socks5://165.16.192.205:1080,MU,Unknown
socks5://206.123.156.189:11697,US,Unknown
socks5://206.123.156.228:4624,VN,Unknown
socks5://206.123.156.222:4627,FR,Unknown
socks5://206.123.156.216:11421,VN,Unknown
socks5://206.123.156.189:7153,US,Unknown
socks5://206.123.156.182:4240,PL,Unknown
socks5://206.123.156.225:8415,CA,Unknown
socks5://206.123.156.217:4523,FI,Unknown
socks5://206.123.156.219:7791,LK,Unknown
socks5://206.123.156.226:4902,GB,Unknown
socks5://94.131.118.39:1081,MD,Unknown
socks5://116.80.62.96:1081,JP,Unknown
socks5://206.123.156.211:4317,KW,Unknown
socks5://206.123.156.225:5423,CA,Unknown
socks5://163.53.204.178:9813,IN,Unknown
socks5://206.123.156.225:6080,VN,Unknown
socks5://206.123.156.213:4879,US,Unknown
socks5://206.123.156.213:11655,BG,Unknown
socks5://206.123.156.225:7337,CA,Unknown
socks5://206.123.156.224:6440,IN,Unknown
socks5://206.123.156.233:7187,VN,Unknown
socks5://206.123.156.194:8729,GB,Unknown
socks5://206.123.156.194:6251,CA,Unknown
socks5://206.123.156.191:4075,US,Unknown
socks5://2.27.32.81:1080,GB,Unknown
socks5://206.123.156.238:10049,VN,Unknown
socks5://206.123.156.233:44242,SG,Unknown
socks5://206.123.156.219:36925,PL,Unknown
socks5://185.230.190.195:1080,FI,Unknown
socks5://77.83.86.238:2053,DE,Unknown
socks5://141.105.68.238:1080,RU,Unknown
socks5://84.47.150.125:1080,RU,Unknown
socks5://158.179.173.238:1080,KR,Unknown
socks5://206.123.156.228:5910,US,Unknown
socks5://206.123.156.228:4259,US,Unknown
socks5://206.123.156.228:5305,FR,Unknown
socks5://206.123.156.215:8085,US,Unknown
socks5://206.123.156.226:4025,US,Unknown
socks5://206.123.156.227:5408,IN,Unknown
socks5://206.123.156.215:4435,US,Unknown
socks5://206.123.156.227:7834,GB,Unknown
socks5://206.123.156.226:5097,FR,Unknown
socks5://206.123.156.197:9390,FR,Unknown
socks5://206.123.156.217:7551,PL,Unknown
socks5://206.123.156.222:6933,BG,Unknown
socks5://206.123.156.219:4775,US,Unknown
socks5://206.123.156.187:4221,VN,Unknown
socks5://206.123.156.197:4581,US,Unknown
socks5://206.123.156.178:8470,US,Unknown
socks5://206.123.156.228:38952,FR,Unknown
socks5://142.248.80.110:1080,US,Unknown
socks5://64.177.83.56:1080,MX,Unknown
socks5://80.72.180.122:1080,KG,Unknown
socks5://185.125.171.171:1080,NO,Unknown
socks5://206.123.156.226:5569,SG,Unknown
socks5://206.123.156.196:6209,SG,Unknown
socks5://103.148.113.1:8199,ID,Unknown
socks5://77.83.86.238:8443,DE,Unknown
socks5://206.123.156.178:8468,SG,Unknown
socks5://206.123.156.228:7495,US,Unknown
socks5://206.123.156.227:45924,AT,Unknown
socks5://206.123.156.196:22207,AT,Unknown
socks5://206.123.156.195:5253,US,Unknown
socks5://206.123.156.217:20259,US,Unknown
socks5://206.123.156.233:8348,CA,Unknown
socks5://206.123.156.188:9267,US,Unknown
socks5://206.123.156.227:45084,BR,Unknown
socks5://206.123.156.214:4708,US,Unknown
socks5://206.123.156.227:45701,US,Unknown
socks5://206.123.156.222:4728,IN,Unknown
socks5://206.123.156.227:45063,US,Unknown
socks5://206.123.156.224:5876,IN,Unknown
socks5://206.123.156.233:5946,US,Unknown
socks5://206.123.156.235:4696,US,Unknown
socks5://206.123.156.227:45935,AT,Unknown
socks5://206.123.156.226:6730,US,Unknown
socks5://206.123.156.225:5271,VN,Unknown
socks5://206.123.156.227:45452,VN,Unknown
socks5://206.123.156.227:45528,SG,Unknown
socks5://206.123.156.215:6508,VN,Unknown
socks5://206.123.156.233:5570,BG,Unknown
socks5://206.123.156.225:4271,VN,Unknown
socks5://206.123.156.222:7610,IN,Unknown
socks5://206.123.156.226:8013,US,Unknown
socks5://206.123.156.227:7792,BR,Unknown
socks5://206.123.156.222:9087,BG,Unknown
socks5://206.123.156.234:5179,IN,Unknown
socks5://206.123.156.226:5847,IN,Unknown
socks5://206.123.156.207:9450,BR,Unknown
socks5://206.123.156.222:8596,PE,Unknown
socks5://206.123.156.188:7490,VN,Unknown
socks5://206.123.156.178:4592,CA,Unknown
socks5://206.123.156.227:46775,US,Unknown
socks5://206.123.156.234:6547,CA,Unknown
socks5://206.123.156.204:9308,VN,Unknown
socks5://206.123.156.226:5031,VN,Unknown
socks5://206.123.156.227:5677,PL,Unknown
socks5://206.123.156.224:5951,US,Unknown
socks5://206.123.156.204:9309,GR,Unknown
socks5://206.123.156.236:14560,BG,Unknown
socks5://206.123.156.226:4786,US,Unknown
socks5://206.123.156.228:6884,FR,Unknown
socks5://206.123.156.233:7164,FR,Unknown
socks5://206.123.156.233:7616,CA,Unknown
socks5://206.123.156.233:39301,FR,Unknown
socks5://206.123.156.178:4757,KW,Unknown
socks5://206.123.156.207:9079,US,Unknown
socks5://206.123.156.215:5630,US,Unknown
socks5://206.123.156.178:4864,US,Unknown
socks5://206.123.156.225:6044,IN,Unknown
socks5://206.123.156.207:31854,BG,Unknown
socks5://206.123.156.228:6794,US,Unknown
socks5://206.123.156.225:5194,IN,Unknown
socks5://206.123.156.231:4570,SG,Unknown
socks5://206.123.156.204:8218,HK,Unknown
socks5://206.123.156.224:8612,BG,Unknown
socks5://206.123.156.227:45239,SG,Unknown
socks5://206.123.156.233:7877,BR,Unknown
socks5://206.123.156.226:5226,VN,Unknown
socks5://206.123.156.225:5537,US,Unknown
socks5://206.123.156.225:6242,US,Unknown
socks5://206.123.156.235:7317,VN,Unknown
socks5://213.226.125.174:1080,RU,Unknown
socks5://206.123.156.227:45008,PT,Unknown
socks5://206.123.156.227:5998,US,Unknown
socks5://206.123.156.233:5034,FR,Unknown
socks5://206.123.156.227:45678,US,Unknown
socks5://206.123.156.226:6985,VN,Unknown
socks5://206.123.156.222:34823,US,Unknown
socks5://206.123.156.233:8341,FR,Unknown
socks5://206.123.156.228:4526,VN,Unknown
socks5://93.185.159.72:1080,RU,Unknown
socks5://206.123.156.233:5038,US,Unknown
socks5://206.123.156.214:8097,GB,Unknown
socks5://206.123.156.222:9247,VN,Unknown
socks5://103.66.46.150:69,ID,Unknown
socks5://206.123.156.192:9756,PL,Unknown
socks5://206.123.156.219:7987,LK,Unknown
socks5://206.123.156.189:11031,BR,Unknown
socks5://206.123.156.226:5620,US,Unknown
socks5://206.123.156.211:4970,BG,Unknown
socks5://206.123.156.219:8420,VN,Unknown
socks5://206.123.156.227:45450,PL,Unknown
socks5://165.154.162.178:4379,ES,Unknown
socks5://206.123.156.220:8812,HK,Unknown
socks5://206.123.156.226:5542,BR,Unknown
socks5://206.123.156.189:12541,US,Unknown
socks5://47.79.79.35:10808,HK,Unknown
socks5://206.123.156.233:4685,US,Unknown
socks5://206.123.156.219:5657,KW,Unknown
socks5://157.245.130.30:20479,US,Unknown
socks5://206.123.156.234:11100,US,Unknown
socks5://206.123.156.233:9553,GB,Unknown
socks5://206.123.156.233:8212,VN,Unknown
socks5://206.123.156.238:7387,BG,Unknown
socks5://206.123.156.220:7504,PL,Unknown
socks5://206.123.156.226:4963,US,Unknown
socks5://206.123.156.211:4819,US,Unknown
socks5://206.123.156.225:9773,BG,Unknown
socks5://206.123.156.207:10083,AU,Unknown
socks5://206.123.156.198:4063,IN,Unknown
socks5://206.123.156.233:7891,FR,Unknown
socks5://206.123.156.214:5361,VN,Unknown
socks5://206.123.156.225:8964,FR,Unknown
socks5://206.123.156.226:5508,US,Unknown
socks5://206.123.156.219:4648,CN,Unknown
socks5://206.123.156.226:6990,VN,Unknown
socks5://206.123.156.220:4237,US,Unknown
socks5://206.123.156.233:9877,US,Unknown
socks5://110.232.85.196:7080,ID,Unknown
socks5://206.123.156.193:27508,GB,Unknown
socks5://206.123.156.219:7948,VN,Unknown
socks5://206.123.156.224:10632,VN,Unknown
socks5://206.123.156.201:11226,VN,Unknown
socks5://206.123.156.226:7064,BG,Unknown
socks5://206.123.156.222:9361,VN,Unknown
socks5://206.123.156.222:9320,US,Unknown
socks5://206.123.156.226:6066,BD,Unknown
socks5://206.123.156.219:5767,SG,Unknown
socks5://164.90.185.232:1081,DE,Unknown
socks5://206.123.156.221:23957,US,Unknown
socks5://206.123.156.225:4639,US,Unknown
socks5://206.123.156.219:8418,VN,Unknown
socks5://206.123.156.233:10412,LK,Unknown
socks5://206.123.156.222:7658,CA,Unknown
socks5://206.123.156.238:9527,US,Unknown
socks5://206.123.156.220:10743,US,Unknown
socks5://206.123.156.228:7227,US,Unknown
socks5://206.123.156.219:5241,GB,Unknown
socks5://206.123.156.192:5547,IN,Unknown
socks5://206.123.156.211:9324,BG,Unknown
socks5://206.123.156.226:4403,FR,Unknown
socks5://206.123.156.192:4425,IN,Unknown
socks5://206.123.156.215:8806,PL,Unknown
socks5://206.123.156.192:5931,US,Unknown
socks5://206.123.156.224:6399,FR,Unknown
socks5://206.123.156.220:6591,US,Unknown
socks5://206.123.156.228:4236,VN,Unknown
socks5://206.123.156.228:12907,GB,Unknown
socks5://206.123.156.192:6003,PL,Unknown
socks5://206.123.156.224:4402,BD,Unknown
socks5://206.123.156.226:5501,IN,Unknown
socks5://206.123.156.219:8406,VN,Unknown
socks5://206.123.156.224:5520,IN,Unknown
socks5://213.27.29.153:51000,RU,Unknown
socks5://206.123.156.224:4703,IN,Unknown
socks5://206.123.156.220:9014,VN,Unknown
socks5://206.123.156.219:5812,IN,Unknown
socks5://206.123.156.192:4337,FI,Unknown
socks5://206.123.156.220:8924,DE,Unknown
socks5://178.250.187.25:29713,DE,Unknown
socks5://206.123.156.222:7834,LK,Unknown
socks5://91.107.239.221:10390,DE,Unknown
socks5://206.123.156.224:6727,US,Unknown
socks5://206.123.156.225:9191,US,Unknown
socks5://206.123.156.196:5729,KW,Unknown
socks5://206.123.156.222:4373,FR,Unknown
socks5://206.123.156.198:5414,CA,Unknown
socks5://206.123.156.226:5863,BR,Unknown
socks5://206.123.156.226:4823,US,Unknown
socks5://206.123.156.219:5396,US,Unknown
socks5://206.123.156.211:5297,US,Unknown
socks5://206.123.156.219:5170,US,Unknown
socks5://206.123.156.219:6467,BG,Unknown
socks5://206.123.156.203:7436,IT,Unknown
socks5://206.123.156.238:14267,AT,Unknown
socks5://206.123.156.220:22657,US,Unknown
socks5://206.123.156.211:5384,IN,Unknown
socks5://206.123.156.219:4367,ZZ,Unknown
socks5://206.123.156.219:6637,BR,Unknown
socks5://206.123.156.233:4231,ZZ,Unknown
socks5://206.123.156.207:7550,AT,Unknown
socks5://206.123.156.219:7516,VN,Unknown
socks5://206.123.156.236:14045,BG,Unknown
socks5://206.123.156.215:7891,ET,Unknown
socks5://206.123.156.235:6763,US,Unknown
socks5://206.123.156.222:7536,US,Unknown
socks5://45.8.98.142:30010,KZ,Unknown
socks5://103.77.242.50:6666,VN,Unknown
socks5://206.123.156.196:9092,IT,Unknown
socks5://206.123.156.178:4777,US,Unknown
socks5://206.123.156.235:5437,FR,Unknown
socks5://206.123.156.227:46180,US,Unknown
socks5://206.123.156.227:46279,US,Unknown
socks5://206.123.156.226:5896,FR,Unknown
socks5://206.123.156.211:4361,BG,Unknown
socks5://77.232.142.77:31336,RU,Unknown
socks5://206.123.156.226:4855,US,Unknown
socks5://206.123.156.226:5544,BR,Unknown
socks5://206.123.156.178:6424,CA,Unknown
socks5://206.123.156.192:6578,FR,Unknown
socks5://206.123.156.238:5995,VN,Unknown
socks5://37.128.240.189:1080,JP,Unknown
socks5://45.76.159.143:10808,SG,Unknown
socks5://206.123.156.215:23858,VN,Unknown
socks5://157.245.130.30:20117,US,Unknown
socks5://134.122.76.129:1080,DE,Unknown
socks5://134.122.64.174:1080,DE,Unknown
socks5://206.123.156.235:9088,IN,Unknown
socks5://134.122.76.129:1081,DE,Unknown
socks5://206.123.156.227:10500,BG,Unknown
socks5://206.123.156.194:7139,LK,Unknown
socks5://43.246.201.253:1080,BD,Unknown
socks5://206.123.156.238:11040,US,Unknown
socks5://206.123.156.236:4588,VN,Unknown
socks5://188.43.32.130:8083,RU,Unknown
socks5://206.123.156.221:37869,IN,Unknown
socks5://206.123.156.222:8805,CA,Unknown
socks5://27.147.255.146:1080,BD,Unknown
socks5://206.123.156.222:7653,IN,Unknown
socks5://206.123.156.228:5997,VN,Unknown
socks5://206.123.156.219:4698,MN,Unknown
socks5://206.123.156.231:32774,US,Unknown
socks5://206.123.156.189:4918,US,Unknown
socks5://206.123.156.224:23933,SG,Unknown
socks5://206.123.156.225:7273,BG,Unknown
socks5://206.123.156.226:30315,SG,Unknown
socks5://206.123.156.189:5705,FR,Unknown
socks5://206.123.156.189:8474,US,Unknown
socks5://206.123.156.204:38013,BG,Unknown
socks5://206.123.156.227:8541,LK,Unknown
socks5://193.25.215.182:22222,US,Unknown
socks5://206.123.156.189:5982,VN,Unknown
socks5://206.123.156.189:7956,VN,Unknown
socks5://206.123.156.227:5695,VN,Unknown
socks5://206.123.156.178:40372,US,Unknown
socks5://206.123.156.225:5010,US,Unknown
socks5://206.123.156.238:37597,GB,Unknown
socks5://206.123.156.189:6201,IN,Unknown
socks5://206.123.156.228:8844,US,Unknown
socks5://206.123.156.227:10721,BD,Unknown
socks5://206.123.156.189:4986,MN,Unknown
socks5://206.123.156.189:6990,US,Unknown
socks5://206.123.156.215:4833,US,Unknown
socks5://206.123.156.196:10377,GB,Unknown
socks5://206.123.156.220:6310,US,Unknown
socks5://206.123.156.222:5163,BR,Unknown
socks5://206.123.156.189:5488,US,Unknown
socks5://206.123.156.222:5232,BG,Unknown
socks5://206.123.156.238:32068,BG,Unknown
socks5://206.123.156.215:9387,BG,Unknown
socks5://206.123.156.225:6272,US,Unknown
socks5://206.123.156.221:4383,VN,Unknown
socks5://206.123.156.222:8819,CA,Unknown
socks5://206.123.156.207:6848,IT,Unknown
socks5://206.123.156.189:5484,VN,Unknown
socks5://206.123.156.220:23011,BR,Unknown
socks5://206.123.156.224:6979,BG,Unknown
socks5://206.123.156.226:4865,BR,Unknown
socks5://23.175.248.21:1080,US,Unknown
socks5://158.178.198.31:1080,FR,Unknown
socks5://164.90.221.76:1085,DE,Unknown
socks5://206.123.156.231:10451,FR,Unknown
socks5://206.123.156.231:13736,US,Unknown
socks5://185.230.191.240:1080,FI,Unknown
socks5://45.76.104.16:1080,JP,Unknown
socks5://164.90.187.185:1081,DE,Unknown
socks5://206.123.156.198:5244,FR,Unknown
socks5://164.90.183.36:1081,DE,Unknown
socks5://66.42.34.255:1080,JP,Unknown
socks5://176.12.69.90:1080,RU,Unknown
socks5://80.92.204.47:1081,RU,Unknown
socks5://206.123.156.211:6881,IN,Unknown
socks5://206.123.156.207:6051,PL,Unknown
socks5://164.90.185.232:1084,DE,Unknown
socks5://164.90.237.11:1085,DE,Unknown
socks5://206.123.156.213:9797,IN,Unknown
socks5://206.123.156.211:6859,IN,Unknown
socks5://206.123.156.207:11330,US,Unknown
socks5://164.90.183.36:1084,DE,Unknown
socks5://206.123.156.211:9369,BG,Unknown
socks5://206.123.156.211:9358,BG,Unknown
socks5://206.123.156.215:14926,CA,Unknown
socks5://206.123.156.236:5316,VN,Unknown
socks5://164.90.221.76:1087,DE,Unknown
socks5://206.123.156.215:5612,IN,Unknown
socks5://206.123.156.236:7469,US,Unknown
socks5://185.218.137.242:1080,DE,Unknown
socks5://146.103.125.38:1080,ZZ,Unknown
socks5://206.123.156.215:6543,FR,Unknown
socks5://206.123.156.236:12808,US,Unknown
socks5://206.123.156.215:23093,PL,Unknown
socks5://206.123.156.211:18744,VN,Unknown
socks5://206.123.156.215:4507,US,Unknown
socks5://206.123.156.215:12527,US,Unknown
socks5://206.123.156.236:13861,BG,Unknown
socks5://206.123.156.236:5265,US,Unknown
socks5://86.104.72.219:1082,MD,Unknown
socks5://206.123.156.215:5879,VN,Unknown
socks5://206.123.156.215:15889,AT,Unknown
socks5://206.123.156.236:5623,BR,Unknown
socks5://85.117.248.36:1080,ES,Unknown
socks5://164.90.221.76:1084,DE,Unknown
socks5://109.172.30.195:1080,PK,Unknown
socks5://31.130.152.120:443,KZ,Unknown
socks5://167.172.161.22:1087,DE,Unknown
socks5://164.90.185.232:1087,DE,Unknown
socks5://134.122.76.129:1088,DE,Unknown
socks5://164.90.183.36:1087,DE,Unknown
socks5://164.90.187.185:1087,DE,Unknown
socks5://43.251.86.65:1080,BD,Unknown
socks5://164.90.185.232:1082,DE,Unknown
socks5://37.220.83.249:1080,DE,Unknown
socks5://206.123.156.201:42735,US,Unknown
socks5://164.90.237.11:1093,DE,Unknown
socks5://167.172.161.22:1093,DE,Unknown
socks5://206.123.156.236:4664,US,Unknown
socks5://46.101.184.29:1088,DE,Unknown
socks5://164.90.187.185:1089,DE,Unknown
socks5://46.101.184.29:1091,DE,Unknown
socks5://164.90.221.76:1083,DE,Unknown
socks5://167.172.161.22:1095,DE,Unknown
socks5://164.90.183.36:1086,DE,Unknown
socks5://164.90.221.76:1094,DE,Unknown
socks5://46.101.184.29:1090,DE,Unknown
socks5://134.122.76.129:1092,DE,Unknown
socks5://46.101.184.29:1083,DE,Unknown
socks5://164.90.187.185:1082,DE,Unknown
socks5://164.90.187.185:1092,DE,Unknown
socks5://134.122.76.129:1086,DE,Unknown
socks5://164.90.237.11:1094,DE,Unknown
socks5://164.90.187.185:1095,DE,Unknown
socks5://164.90.187.185:1090,DE,Unknown
socks5://134.122.76.129:1090,DE,Unknown
socks5://134.122.76.129:1082,DE,Unknown
socks5://167.172.161.22:1092,DE,Unknown
socks5://164.90.183.36:1089,DE,Unknown
socks5://206.123.156.236:7505,IN,Unknown
socks5://46.101.184.29:1082,DE,Unknown
socks5://206.123.156.215:5532,US,Unknown
socks5://206.123.156.231:11979,IE,Unknown
socks5://206.123.156.236:14630,IN,Unknown
socks5://206.123.156.215:5077,US,Unknown
socks5://206.123.156.236:14102,BG,Unknown
socks5://167.172.161.22:1082,DE,Unknown
socks5://206.123.156.227:6293,LK,Unknown
socks5://164.90.237.11:1082,DE,Unknown
socks5://164.90.185.232:1083,DE,Unknown
socks5://103.134.220.49:1080,ID,Unknown
socks5://167.172.161.22:1090,DE,Unknown
socks5://164.90.185.232:1094,DE,Unknown
socks5://164.90.185.232:1089,DE,Unknown
socks5://206.123.156.201:4162,US,Unknown
socks5://206.123.156.215:15497,FI,Unknown
socks5://206.123.156.201:7909,VN,Unknown
socks5://206.123.156.215:23974,VN,Unknown
socks5://206.123.156.207:25917,US,Unknown
socks5://206.123.156.201:11097,US,Unknown
socks5://45.87.153.219:1080,ZZ,Unknown
socks5://206.123.156.201:31909,US,Unknown
socks5://206.123.156.236:14049,BG,Unknown
socks5://46.8.31.104:1080,KZ,Unknown
socks5://206.123.156.215:15572,PT,Unknown
socks5://8.222.236.203:5555,SG,Unknown
socks5://206.123.156.231:13290,VN,Unknown
socks5://206.123.156.211:13951,IN,Unknown
socks5://206.123.156.231:12849,ES,Unknown
socks5://206.123.156.188:45625,VN,Unknown
socks5://206.123.156.188:44166,US,Unknown
socks5://206.123.156.201:20348,BG,Unknown
socks5://206.123.156.236:14471,FI,Unknown
socks5://206.123.156.188:45723,PL,Unknown
socks5://206.123.156.188:45227,SG,Unknown
socks5://206.123.156.188:39287,DE,Unknown
socks5://206.123.156.236:39450,CA,Unknown
socks5://206.123.156.188:44063,AT,Unknown
socks5://206.123.156.215:20120,VN,Unknown
socks5://206.123.156.227:5299,US,Unknown
socks5://206.123.156.231:14331,US,Unknown
socks5://206.123.156.188:42390,US,Unknown
socks5://154.50.110.69:1080,US,Unknown
socks5://171.25.158.95:1080,SE,Unknown
socks5://31.25.139.82:21,IQ,Unknown
socks5://182.184.119.180:1080,PK,Unknown
socks5://188.242.163.28:21,RU,Unknown
socks5://72.56.7.144:1080,US,Unknown
socks5://164.92.142.233:1080,DE,Unknown
socks5://164.92.179.1:1081,DE,Unknown
socks5://164.92.142.233:1081,DE,Unknown
socks5://206.123.156.231:11372,CA,Unknown
socks5://164.92.142.233:1091,DE,Unknown
socks5://87.255.28.101:1080,US,Unknown
socks5://154.201.86.247:1080,SC,Unknown
socks5://87.106.173.248:1080,DE,Unknown
socks5://164.92.139.129:1084,DE,Unknown
socks5://164.92.142.233:1082,DE,Unknown
socks5://164.92.142.233:1095,DE,Unknown
socks5://164.92.179.1:1086,DE,Unknown
socks5://159.100.18.225:443,DE,Unknown
socks5://206.123.156.201:16537,US,Unknown
socks5://164.92.139.129:1082,DE,Unknown
socks5://164.92.142.233:1092,DE,Unknown
socks5://164.92.142.233:1083,DE,Unknown
socks5://164.92.179.1:1083,DE,Unknown
socks5://164.92.139.129:1083,DE,Unknown
socks5://80.92.204.47:1082,RU,Unknown
socks5://164.92.142.233:1089,DE,Unknown
socks5://206.123.156.211:33475,VN,Unknown
socks5://164.92.142.233:1094,DE,Unknown
socks5://185.236.77.10:1080,ZZ,Unknown
socks5://164.92.139.129:1092,DE,Unknown
socks5://164.92.142.233:1084,DE,Unknown
socks5://164.92.142.233:1093,DE,Unknown
socks5://164.92.142.233:1088,DE,Unknown
socks5://164.92.179.1:1090,DE,Unknown
socks5://89.169.177.15:1080,RU,Unknown
socks5://164.92.139.129:1085,DE,Unknown
socks5://164.92.179.1:1094,DE,Unknown
socks5://206.123.156.198:4221,US,Unknown
socks5://206.123.156.193:4170,VN,Unknown
socks5://152.53.53.166:1080,AT,Unknown
socks5://164.92.142.233:1087,DE,Unknown
socks5://144.124.227.191:1080,ZZ,Unknown
socks5://104.233.195.149:1080,US,Unknown
socks5://206.123.156.203:5072,JP,Unknown
socks5://206.123.156.248:4545,VN,Unknown
socks5://195.208.3.50:1080,HK,Unknown
socks5://206.123.156.236:15508,BG,Unknown
socks5://206.123.156.228:20467,BG,Unknown
socks5://47.83.168.191:4000,HK,Unknown
socks5://206.123.156.194:8026,VN,Unknown
socks5://144.124.224.140:1080,ZZ,Unknown
socks5://132.243.235.134:1080,US,Unknown
socks5://206.123.156.195:10628,VN,Unknown
socks5://193.160.209.58:1080,ZZ,Unknown
socks5://206.123.156.228:20538,BG,Unknown
socks5://206.123.156.221:7987,VN,Unknown
socks5://201.165.172.3:1080,MX,Unknown
socks5://221.150.253.197:1080,KR,Unknown
socks5://206.123.156.195:9833,BG,Unknown
socks5://115.127.0.158:1080,BD,Unknown
socks5://77.239.109.126:1080,ZZ,Unknown
socks5://5.129.216.108:1080,RU,Unknown
socks5://160.19.78.110:1080,VN,Unknown
socks5://144.124.237.182:1080,ZZ,Unknown
socks5://206.123.156.211:36540,VN,Unknown
socks5://206.123.156.225:8001,VN,Unknown
socks5://80.67.218.53:1080,RU,Unknown
socks5://43.106.21.170:1080,SG,Unknown
socks5://185.233.203.60:1080,ZZ,Unknown
socks5://45.83.140.16:1080,CY,Unknown
socks5://206.123.156.201:5791,GB,Unknown
socks5://47.238.164.240:1011,HK,Unknown
socks5://206.123.156.187:13327,BR,Unknown
socks5://43.153.39.251:1080,US,Unknown
socks5://206.123.156.201:10820,VN,Unknown
socks5://206.123.156.187:6564,FR,Unknown
socks5://206.123.156.235:10818,US,Unknown
socks5://157.245.130.30:20270,US,Unknown
socks5://206.123.156.204:9862,SG,Unknown
socks5://177.52.25.34:1080,BR,Unknown
socks5://206.123.156.207:10684,US,Unknown
socks5://182.253.123.81:1080,ID,Unknown
socks5://185.164.172.105:1080,ZZ,Unknown
socks5://167.234.218.204:3389,US,Unknown
socks5://206.123.156.228:43803,SG,Unknown
socks5://193.169.245.15:1080,ZZ,Unknown
socks5://72.56.126.80:443,US,Unknown
socks5://95.217.103.18:4567,FI,Unknown
socks5://45.138.86.52:1433,KE,Unknown
socks5://206.123.156.221:9023,BR,Unknown
socks5://77.232.151.197:1080,RU,Unknown
socks5://206.123.156.213:9337,DE,Unknown
socks5://167.99.255.141:1088,DE,Unknown
socks5://164.132.168.87:50161,FR,Unknown
socks5://206.123.156.217:10808,IN,Unknown
socks5://167.99.255.141:1083,DE,Unknown
socks5://167.99.255.141:1093,DE,Unknown
socks5://131.153.163.26:31648,US,Unknown
socks5://103.248.47.230:1080,AU,Unknown
socks5://167.99.255.141:1090,DE,Unknown
socks5://206.123.156.225:4700,FR,Unknown
socks5://206.123.156.219:33686,JP,Unknown
socks5://206.123.156.193:6668,US,Unknown
socks5://43.207.145.115:1080,JP,Unknown
socks5://82.149.216.198:1080,RU,Unknown
socks5://47.237.116.215:1080,SG,Unknown
socks5://167.99.255.141:1094,DE,Unknown
socks5://57.129.144.178:40000,GB,Unknown
socks5://206.123.156.191:4174,IT,Unknown
socks5://206.123.156.231:5885,DE,Unknown
socks5://27.102.134.31:1080,KR,Unknown
socks5://27.102.134.30:1080,KR,Unknown
socks5://27.102.134.32:1080,KR,Unknown
socks5://206.123.156.231:7488,US,Unknown
socks5://206.123.156.196:5633,KW,Unknown
socks5://27.102.134.32:1081,KR,Unknown
socks5://27.102.134.31:1081,KR,Unknown
socks5://206.123.156.231:5872,GB,Unknown
socks5://27.102.134.31:1090,KR,Unknown
socks5://167.99.255.141:1082,DE,Unknown
socks5://206.123.156.217:4802,US,Unknown
socks5://45.131.97.224:1080,RU,Unknown
socks5://155.138.128.185:1080,CA,Unknown
socks5://206.123.156.194:8257,CA,Unknown
socks5://77.91.65.33:1080,GE,Unknown
socks5://77.91.68.62:1080,AM,Unknown
socks5://206.123.156.227:5723,US,Unknown
socks5://206.123.156.187:7687,US,Unknown
socks5://194.135.105.72:1080,CZ,Unknown
socks5://206.123.156.188:5149,SG,Unknown
socks5://47.252.47.39:1080,US,Unknown
socks5://89.248.193.158:1080,RU,Unknown
socks5://27.102.134.31:1082,KR,Unknown
socks5://206.123.156.236:13745,BG,Unknown
socks5://206.123.156.236:11848,US,Unknown
socks5://206.123.156.213:6244,CA,Unknown
socks5://206.123.156.225:4920,VN,Unknown
socks5://206.123.156.231:35186,VN,Unknown
socks5://206.123.156.225:36745,SG,Unknown
socks5://206.123.156.188:8102,VN,Unknown
socks5://206.123.156.193:4602,IN,Unknown
socks5://192.3.16.120:1080,US,Unknown
socks5://43.162.99.202:1080,US,Unknown
socks5://43.162.114.110:1080,US,Unknown
socks5://206.123.156.204:22220,US,Unknown
socks5://206.123.156.204:14613,LK,Unknown
socks5://206.123.156.213:9788,FR,Unknown
socks5://206.123.156.196:15880,GB,Unknown
socks5://131.153.163.26:36906,US,Unknown
socks5://27.102.134.32:1082,KR,Unknown
socks5://206.123.156.254:7530,KW,Unknown
socks5://91.103.123.248:444,HK,Unknown
socks5://213.141.250.125:1080,RU,Unknown
socks5://206.123.156.193:10427,US,Unknown
socks5://206.123.156.238:4080,IN,Unknown
socks5://206.123.156.195:6205,JP,Unknown
socks5://212.60.5.225:1080,RU,Unknown
socks5://195.2.67.21:1080,RU,Unknown
socks5://206.123.156.224:6920,VN,Unknown
socks5://92.42.102.236:1080,FI,Unknown
socks5://94.131.230.23:1080,KZ,Unknown
socks5://94.131.80.182:1080,KZ,Unknown
socks5://206.123.156.231:12513,VN,Unknown
socks5://206.123.156.207:12542,LK,Unknown
socks5://157.245.130.30:20409,SC,Unknown
socks5://206.123.156.236:8235,PT,Unknown
socks5://206.123.156.231:44173,GB,Unknown
socks5://206.123.156.182:7208,IN,Unknown
socks5://66.103.200.156:1080,US,Unknown
socks5://206.123.156.214:10098,VN,Unknown
socks5://93.189.144.150:1080,RU,Unknown
socks5://206.123.156.193:28286,DE,Unknown
socks5://206.123.156.222:9462,VN,Unknown
socks5://206.123.156.235:4573,US,Unknown
socks5://176.111.255.46:1080,RU,Unknown
socks5://91.204.178.195:1080,RU,Unknown
socks5://206.123.156.215:10344,US,Unknown
socks5://206.123.156.234:9395,BG,Unknown
socks5://131.153.163.26:32358,US,Unknown
socks5://49.82.173.43:8989,CN,Unknown
socks5://206.123.156.195:21379,US,Unknown
socks5://206.123.156.228:4963,VN,Unknown
socks5://107.219.228.250:7777,US,Chicago
socks5://202.62.49.65:1080,KH,Phnom Penh
socks5://110.235.255.252:1080,KH,Phnom Penh
socks5://110.235.248.81:1080,KH,Phnom Penh
socks5://110.235.247.248:1080,KH,Phnom Penh
socks5://59.46.216.131:30001,CN,
socks5://104.219.236.127:1080,US,
socks5://185.194.217.97:1080,FR,Lauterbourg
socks5://5.255.117.127:1080,NL,Dronten
socks5://124.248.191.117:1080,KH,Phnom Penh
socks5://202.62.55.95:1080,KH,Phnom Penh
socks5://174.138.61.184:1080,US,Clifton
socks5://202.62.50.222:1080,KH,Phnom Penh
socks5://47.236.20.209:1145,SG,
socks5://203.25.208.163:1100,CN,
socks5://194.163.182.6:1080,FR,Lauterbourg
socks5://203.25.208.163:1145,CN,
socks5://1.180.0.162:7302,ZZ,Unknown
socks5://1.180.49.222:7302,ZZ,Unknown
socks5://5.42.87.164:56789,ZZ,Unknown
socks5://5.133.219.4:63434,ZZ,Unknown
socks5://8.142.3.145:3306,ZZ,Unknown
socks5://8.210.4.18:7779,ZZ,Unknown
socks5://8.222.151.218:5566,ZZ,Unknown
socks5://23.251.62.210:10080,ZZ,Unknown
socks5://24.249.199.4:4145,ZZ,Unknown
socks5://24.249.199.12:4145,ZZ,Unknown
socks5://31.211.130.237:8192,ZZ,Unknown
socks5://37.59.50.81:5055,ZZ,Unknown
socks5://39.170.85.129:7302,ZZ,Unknown
socks5://45.65.113.18:27676,ZZ,Unknown
socks5://46.10.208.106:8192,ZZ,Unknown
socks5://47.88.104.126:3344,ZZ,Unknown
socks5://47.250.56.98:19190,ZZ,Unknown
socks5://51.15.5.21:60349,ZZ,Unknown
socks5://51.15.133.214:16379,ZZ,Unknown
socks5://51.15.196.107:16379,ZZ,Unknown
socks5://51.15.210.79:16379,ZZ,Unknown
socks5://51.15.223.12:16379,ZZ,Unknown
socks5://51.15.240.207:16379,ZZ,Unknown
socks5://51.38.155.24:46069,ZZ,Unknown
socks5://51.75.126.150:57328,ZZ,Unknown
socks5://51.89.68.78:9050,ZZ,Unknown
socks5://51.158.64.130:16379,ZZ,Unknown
socks5://51.158.98.211:16379,ZZ,Unknown
socks5://51.158.105.107:16379,ZZ,Unknown
socks5://51.158.108.134:16379,ZZ,Unknown
socks5://51.158.124.167:16379,ZZ,Unknown
socks5://51.195.139.95:44648,ZZ,Unknown
socks5://51.222.241.8:42378,ZZ,Unknown
socks5://60.190.195.146:10800,ZZ,Unknown
socks5://61.130.151.230:7302,ZZ,Unknown
socks5://61.160.66.130:5555,ZZ,Unknown
socks5://61.171.50.169:6688,ZZ,Unknown
socks5://61.178.99.43:7302,ZZ,Unknown
socks5://64.227.108.25:31908,ZZ,Unknown
socks5://65.169.38.73:26592,ZZ,Unknown
socks5://66.29.128.241:12795,ZZ,Unknown
socks5://66.29.128.243:45155,ZZ,Unknown
socks5://66.29.128.244:23597,ZZ,Unknown
socks5://66.135.227.178:4145,ZZ,Unknown
socks5://67.201.59.70:4145,ZZ,Unknown
socks5://67.205.153.110:51528,ZZ,Unknown
socks5://68.1.210.163:4145,ZZ,Unknown
socks5://68.1.210.189:4145,ZZ,Unknown
socks5://68.71.247.130:4145,ZZ,Unknown
socks5://68.71.249.153:48606,ZZ,Unknown
socks5://68.71.254.6:4145,ZZ,Unknown
socks5://68.183.90.210:59166,ZZ,Unknown
socks5://69.27.14.138:43014,ZZ,Unknown
socks5://69.164.206.96:13024,ZZ,Unknown
socks5://72.37.216.68:4145,ZZ,Unknown
socks5://72.37.217.3:4145,ZZ,Unknown
socks5://72.195.34.58:4145,ZZ,Unknown
socks5://72.195.34.59:4145,ZZ,Unknown
socks5://72.195.34.60:27391,ZZ,Unknown
socks5://72.195.114.169:4145,ZZ,Unknown
socks5://72.195.114.184:4145,ZZ,Unknown
socks5://72.206.181.97:64943,ZZ,Unknown
socks5://72.206.181.103:4145,ZZ,Unknown
socks5://72.206.181.105:64935,ZZ,Unknown
socks5://72.206.181.123:4145,ZZ,Unknown
socks5://72.210.208.101:4145,ZZ,Unknown
socks5://72.210.221.197:4145,ZZ,Unknown
socks5://72.210.221.223:4145,ZZ,Unknown
socks5://72.210.252.134:46164,ZZ,Unknown
socks5://72.210.252.137:4145,ZZ,Unknown
socks5://72.217.216.239:4145,ZZ,Unknown
socks5://72.221.164.34:60671,ZZ,Unknown
socks5://72.221.171.130:4145,ZZ,Unknown
socks5://72.221.171.135:4145,ZZ,Unknown
socks5://72.221.172.203:4145,ZZ,Unknown
socks5://72.221.196.157:35904,ZZ,Unknown
socks5://72.221.232.152:4145,ZZ,Unknown
socks5://72.221.232.155:4145,ZZ,Unknown
socks5://74.119.144.60:4145,ZZ,Unknown
socks5://74.119.147.209:4145,ZZ,Unknown
socks5://80.253.246.238:6618,ZZ,Unknown
socks5://85.143.254.38:1080,ZZ,Unknown
socks5://91.121.48.221:38711,ZZ,Unknown
socks5://91.151.88.220:6618,ZZ,Unknown
socks5://93.177.103.24:50471,ZZ,Unknown
socks5://98.162.25.4:31654,ZZ,Unknown
socks5://98.162.25.7:31653,ZZ,Unknown
socks5://98.162.25.16:4145,ZZ,Unknown
socks5://98.162.25.23:4145,ZZ,Unknown
socks5://98.162.25.29:31679,ZZ,Unknown
socks5://98.162.96.41:4145,ZZ,Unknown
socks5://98.162.96.52:4145,ZZ,Unknown
socks5://98.162.96.53:10663,ZZ,Unknown
socks5://98.170.57.231:4145,ZZ,Unknown
socks5://98.170.57.249:4145,ZZ,Unknown
socks5://98.175.31.195:4145,ZZ,Unknown
socks5://98.181.137.80:4145,ZZ,Unknown
socks5://98.181.137.83:4145,ZZ,Unknown
socks5://98.188.47.132:4145,ZZ,Unknown
socks5://98.188.47.150:4145,ZZ,Unknown
socks5://101.91.242.198:6688,ZZ,Unknown
socks5://103.54.57.117:50460,ZZ,Unknown
socks5://103.174.178.131:1020,ZZ,Unknown
socks5://103.174.178.133:1020,ZZ,Unknown
socks5://103.174.178.137:1020,ZZ,Unknown
socks5://103.174.178.145:2005,ZZ,Unknown
socks5://103.242.175.241:8899,ZZ,Unknown
socks5://104.37.135.145:4145,ZZ,Unknown
socks5://104.37.175.200:22292,ZZ,Unknown
socks5://104.200.135.46:4145,ZZ,Unknown
socks5://104.200.152.30:4145,ZZ,Unknown
socks5://104.248.158.27:25100,ZZ,Unknown
socks5://107.152.98.5:4145,ZZ,Unknown
socks5://107.181.161.81:4145,ZZ,Unknown
socks5://107.181.168.145:4145,ZZ,Unknown
socks5://109.238.14.123:52663,ZZ,Unknown
socks5://109.245.231.73:8192,ZZ,Unknown
socks5://111.61.73.175:7302,ZZ,Unknown
socks5://112.86.116.24:1080,ZZ,Unknown
socks5://114.236.93.203:15800,ZZ,Unknown
socks5://115.127.36.190:1088,ZZ,Unknown
socks5://115.127.62.50:1088,ZZ,Unknown
socks5://115.127.80.1:9090,ZZ,Unknown
socks5://115.127.83.142:1088,ZZ,Unknown
socks5://115.127.106.226:1088,ZZ,Unknown
socks5://120.77.203.0:443,ZZ,Unknown
socks5://120.224.234.71:7300,ZZ,Unknown
socks5://123.182.233.70:7302,ZZ,Unknown
socks5://125.66.165.154:7302,ZZ,Unknown
socks5://125.141.133.49:5566,ZZ,Unknown
socks5://125.141.133.98:5566,ZZ,Unknown
socks5://125.141.139.110:5566,ZZ,Unknown
socks5://125.141.139.112:5566,ZZ,Unknown
socks5://125.141.139.198:5566,ZZ,Unknown
socks5://125.227.225.157:3389,ZZ,Unknown
socks5://134.122.21.142:33346,ZZ,Unknown
socks5://137.184.228.194:40886,ZZ,Unknown
socks5://138.201.139.252:12344,ZZ,Unknown
socks5://139.59.7.217:36590,ZZ,Unknown
socks5://139.59.225.188:12827,ZZ,Unknown
socks5://141.94.104.205:48452,ZZ,Unknown
socks5://142.54.226.214:4145,ZZ,Unknown
socks5://142.54.228.193:4145,ZZ,Unknown
socks5://142.54.229.249:4145,ZZ,Unknown
socks5://142.54.231.38:4145,ZZ,Unknown
socks5://142.54.232.6:4145,ZZ,Unknown
socks5://142.54.235.9:4145,ZZ,Unknown
socks5://142.54.236.97:4145,ZZ,Unknown
socks5://142.54.237.34:4145,ZZ,Unknown
socks5://142.54.239.1:4145,ZZ,Unknown
socks5://144.91.78.34:20269,ZZ,Unknown
socks5://144.91.95.238:58237,ZZ,Unknown
socks5://149.202.75.85:36666,ZZ,Unknown
socks5://152.228.212.223:29272,ZZ,Unknown
socks5://157.230.1.108:14070,ZZ,Unknown
socks5://162.144.74.156:3620,ZZ,Unknown
socks5://163.172.131.178:16379,ZZ,Unknown
socks5://163.172.132.238:16379,ZZ,Unknown
socks5://163.172.161.35:16379,ZZ,Unknown
socks5://165.227.104.122:48500,ZZ,Unknown
socks5://167.71.241.136:33299,ZZ,Unknown
socks5://167.71.250.32:43965,ZZ,Unknown
socks5://167.172.159.43:39019,ZZ,Unknown
socks5://167.235.155.77:47287,ZZ,Unknown
socks5://173.212.237.43:43648,ZZ,Unknown
socks5://173.236.187.104:40355,ZZ,Unknown
socks5://173.249.2.58:5964,ZZ,Unknown
socks5://174.64.199.79:4145,ZZ,Unknown
socks5://174.77.111.196:4145,ZZ,Unknown
socks5://174.77.111.197:4145,ZZ,Unknown
socks5://174.138.62.182:43715,ZZ,Unknown
socks5://176.9.238.173:47679,ZZ,Unknown
socks5://176.74.192.44:24822,ZZ,Unknown
socks5://176.74.197.163:36918,ZZ,Unknown
socks5://178.33.162.89:58574,ZZ,Unknown
socks5://178.49.22.23:1080,ZZ,Unknown
socks5://178.128.167.129:1080,ZZ,Unknown
socks5://181.214.39.51:5719,ZZ,Unknown
socks5://181.214.39.72:5719,ZZ,Unknown
socks5://181.214.39.73:5719,ZZ,Unknown
socks5://184.170.245.148:4145,ZZ,Unknown
socks5://184.170.248.5:4145,ZZ,Unknown
socks5://184.170.249.65:4145,ZZ,Unknown
socks5://184.178.172.3:4145,ZZ,Unknown
socks5://184.178.172.11:4145,ZZ,Unknown
socks5://184.178.172.13:15311,ZZ,Unknown
socks5://184.178.172.14:4145,ZZ,Unknown
socks5://184.178.172.17:4145,ZZ,Unknown
socks5://184.178.172.23:4145,ZZ,Unknown
socks5://184.178.172.26:4145,ZZ,Unknown
socks5://184.178.172.28:15294,ZZ,Unknown
socks5://184.181.217.194:4145,ZZ,Unknown
socks5://184.181.217.201:4145,ZZ,Unknown
socks5://184.181.217.206:4145,ZZ,Unknown
socks5://184.181.217.210:4145,ZZ,Unknown
socks5://184.181.217.213:4145,ZZ,Unknown
socks5://184.181.217.220:4145,ZZ,Unknown
socks5://185.6.9.176:8072,ZZ,Unknown
socks5://185.14.47.52:16088,ZZ,Unknown
socks5://185.61.38.140:1080,ZZ,Unknown
socks5://185.86.5.162:8975,ZZ,Unknown
socks5://185.87.121.5:8975,ZZ,Unknown
socks5://185.112.224.151:1080,ZZ,Unknown
socks5://185.244.208.193:37430,ZZ,Unknown
socks5://185.244.208.195:23699,ZZ,Unknown
socks5://188.40.158.211:1088,ZZ,Unknown
socks5://188.93.213.242:1080,ZZ,Unknown
socks5://188.164.199.199:36938,ZZ,Unknown
socks5://192.99.244.173:15590,ZZ,Unknown
socks5://192.111.129.145:16894,ZZ,Unknown
socks5://192.111.130.2:4145,ZZ,Unknown
socks5://192.111.130.5:17002,ZZ,Unknown
socks5://192.111.134.10:4145,ZZ,Unknown
socks5://192.111.135.18:18301,ZZ,Unknown
socks5://192.111.137.34:18765,ZZ,Unknown
socks5://192.111.137.35:4145,ZZ,Unknown
socks5://192.111.138.29:4145,ZZ,Unknown
socks5://192.111.139.162:4145,ZZ,Unknown
socks5://192.111.139.165:4145,ZZ,Unknown
socks5://192.252.208.67:14287,ZZ,Unknown
socks5://192.252.214.20:15864,ZZ,Unknown
socks5://192.252.215.5:16137,ZZ,Unknown
socks5://192.252.216.81:4145,ZZ,Unknown
socks5://193.216.224.108:8192,ZZ,Unknown
socks5://194.87.69.136:8989,ZZ,Unknown
socks5://194.233.78.142:42495,ZZ,Unknown
socks5://195.154.43.198:39522,ZZ,Unknown
socks5://198.8.84.3:4145,ZZ,Unknown
socks5://198.8.94.170:4145,ZZ,Unknown
socks5://199.58.184.97:4145,ZZ,Unknown
socks5://199.58.185.9:4145,ZZ,Unknown
socks5://199.102.104.70:4145,ZZ,Unknown
socks5://199.102.105.242:4145,ZZ,Unknown
socks5://199.102.106.94:4145,ZZ,Unknown
socks5://199.102.107.145:4145,ZZ,Unknown
socks5://199.116.114.11:4145,ZZ,Unknown
socks5://199.229.254.129:4145,ZZ,Unknown
socks5://204.93.169.232:60755,ZZ,Unknown
socks5://205.185.114.78:5556,ZZ,Unknown
socks5://205.185.116.159:5556,ZZ,Unknown
socks5://205.185.120.241:5556,ZZ,Unknown
socks5://205.185.123.62:2555,ZZ,Unknown
socks5://205.185.125.140:5556,ZZ,Unknown
socks5://205.185.126.51:5556,ZZ,Unknown
socks5://206.220.175.2:4145,ZZ,Unknown
socks5://209.141.58.213:5556,ZZ,Unknown
socks5://209.159.153.21:46234,ZZ,Unknown
socks5://212.33.248.45:1080,ZZ,Unknown
socks5://217.182.6.206:26379,ZZ,Unknown
socks5://218.4.192.62:7302,ZZ,Unknown
socks5://218.78.65.202:6688,ZZ,Unknown
socks5://221.134.152.75:7302,ZZ,Unknown
socks5://222.71.131.131:1080,ZZ,Unknown