socks5://206.123.156.254:6248,BG,Unknown
socks5://206.123.156.254:6284,BG,Unknown
socks5://206.123.156.192:4450,BG,Unknown
socks5://206.123.156.236:5720,BG,Unknown
socks5://206.123.156.187:5153,BG,Unknown
socks5://206.123.156.192:4386,BG,Unknown
socks5://206.123.156.192:5899,BG,Unknown
socks5://206.123.156.234:10202,BG,Unknown
socks5://206.123.156.220:5361,BG,Unknown
socks5://206.123.156.220:6591,BG,Unknown
socks5://206.123.156.189:7440,BG,Unknown
socks5://206.123.156.192:5525,BG,Unknown
socks5://206.123.156.189:8056,BG,Unknown
socks5://206.123.156.188:11867,BG,Unknown
socks5://206.123.156.220:6657,BG,Unknown
socks5://206.123.156.189:6456,BG,Unknown
socks5://206.123.156.189:7457,BG,Unknown
socks5://206.123.156.236:6389,BG,Unknown
socks5://206.123.156.220:6622,BG,Unknown
socks5://206.123.156.254:5712,BG,Unknown
socks5://206.123.156.189:8749,BG,Unknown
socks5://206.123.156.236:6354,BG,Unknown
socks5://206.123.156.188:10372,BG,Unknown
socks5://206.123.156.238:5556,BG,Unknown
socks5://206.123.156.182:6020,BG,Unknown
socks5://206.123.156.204:13867,BG,Unknown
socks5://206.123.156.189:8755,BG,Unknown
socks5://206.123.156.189:9419,BG,Unknown
socks5://206.123.156.182:9425,BG,Unknown
socks5://206.123.156.254:4332,BG,Unknown
socks5://206.123.156.236:4959,BG,Unknown
socks5://206.123.156.207:19618,BG,Unknown
socks5://206.123.156.207:22117,BG,Unknown
socks5://206.123.156.220:6500,BG,Unknown
socks5://206.123.156.231:17286,BG,Unknown
socks5://206.123.156.187:9472,BG,Unknown
socks5://206.123.156.187:8676,BG,Unknown
socks5://206.123.156.204:14615,BG,Unknown
socks5://206.123.156.211:9164,BG,Unknown
socks5://206.123.156.213:11513,BG,Unknown
socks5://206.123.156.238:5860,BG,Unknown
socks5://206.123.156.228:11853,BG,Unknown
socks5://206.123.156.225:5827,BG,Unknown
socks5://206.123.156.228:11847,BG,Unknown
socks5://206.123.156.238:5611,BG,Unknown
socks5://206.123.156.182:4108,BG,Unknown
http://46.10.214.92:443,BG,Unknown
http://213.169.33.3:8001,BG,Unknown