socks5://206.123.156.220:6040,VN,Unknown
socks5://206.123.156.234:8425,VN,Unknown
socks5://206.123.156.191:12814,VN,Unknown
socks5://206.123.156.188:8078,VN,Unknown
socks5://206.123.156.224:8649,VN,Unknown
socks5://206.123.156.224:6021,VN,Unknown
socks5://206.123.156.224:8568,VN,Unknown
socks5://206.123.156.226:4781,VN,Unknown
socks5://206.123.156.224:42745,VN,Unknown
socks5://206.123.156.189:4588,VN,Unknown
socks5://206.123.156.235:4991,VN,Unknown
socks5://206.123.156.178:4855,VN,Unknown
socks5://206.123.156.196:4129,VN,Unknown
socks5://206.123.156.189:7816,VN,Unknown
socks5://206.123.156.178:6071,VN,Unknown
socks5://206.123.156.178:7173,VN,Unknown
socks5://206.123.156.178:6674,VN,Unknown
socks5://206.123.156.197:4180,VN,Unknown
socks5://206.123.156.238:8056,VN,Unknown
socks5://206.123.156.235:4341,VN,Unknown
socks5://206.123.156.197:5191,VN,Unknown
socks5://206.123.156.216:4117,VN,Unknown
socks5://206.123.156.222:6612,VN,Unknown
socks5://206.123.156.227:4955,VN,Unknown
socks5://206.123.156.220:8040,VN,Unknown
socks5://206.123.156.203:6525,VN,Unknown
socks5://206.123.156.220:6902,VN,Unknown
socks5://206.123.156.192:9154,VN,Unknown
socks5://206.123.156.182:8991,VN,Unknown
socks5://206.123.156.182:9281,VN,Unknown
socks5://206.123.156.219:5858,VN,Unknown
socks5://206.123.156.227:6407,VN,Unknown
socks5://206.123.156.231:4999,VN,Unknown
socks5://206.123.156.228:7271,VN,Unknown
socks5://206.123.156.222:8579,VN,Unknown
socks5://206.123.156.228:6347,VN,Unknown
socks5://206.123.156.233:6776,VN,Unknown
socks5://206.123.156.178:9603,VN,Unknown
socks5://206.123.156.187:7195,VN,Unknown
socks5://206.123.156.224:6818,VN,Unknown
socks5://206.123.156.225:4532,VN,Unknown
socks5://206.123.156.225:8302,VN,Unknown
socks5://206.123.156.224:9541,VN,Unknown
socks5://206.123.156.225:8319,VN,Unknown
socks5://206.123.156.233:6337,VN,Unknown
socks5://206.123.156.224:4370,VN,Unknown
socks5://206.123.156.207:4627,VN,Unknown
socks5://206.123.156.231:10146,VN,Unknown
socks5://206.123.156.228:6796,VN,Unknown
socks5://206.123.156.225:9459,VN,Unknown
socks5://206.123.156.228:6802,VN,Unknown
socks5://206.123.156.226:23036,VN,Unknown
socks5://206.123.156.238:6781,VN,Unknown
socks5://206.123.156.217:8240,VN,Unknown
socks5://206.123.156.225:6080,VN,Unknown
socks5://206.123.156.188:5580,VN,Unknown
socks5://206.123.156.196:6123,VN,Unknown
socks5://206.123.156.217:4121,VN,Unknown
socks5://206.123.156.187:6914,VN,Unknown
socks5://206.123.156.233:5393,VN,Unknown
socks5://206.123.156.233:38745,VN,Unknown
socks5://206.123.156.207:9469,VN,Unknown
socks5://206.123.156.210:7497,VN,Unknown
socks5://206.123.156.217:9521,VN,Unknown
socks5://206.123.156.201:9080,VN,Unknown
socks5://206.123.156.203:6119,VN,Unknown
socks5://206.123.156.222:10788,VN,Unknown
socks5://206.123.156.220:4084,VN,Unknown
socks5://206.123.156.207:9284,VN,Unknown
socks5://206.123.156.219:8062,VN,Unknown
socks5://206.123.156.226:6170,VN,Unknown
socks5://206.123.156.238:8187,VN,Unknown
socks5://206.123.156.217:5116,VN,Unknown
socks5://206.123.156.233:5653,VN,Unknown
socks5://206.123.156.217:6002,VN,Unknown
socks5://206.123.156.219:37189,VN,Unknown
socks5://206.123.156.198:8864,VN,Unknown
socks5://206.123.156.178:8582,VN,Unknown
socks5://206.123.156.227:12685,VN,Unknown
socks5://206.123.156.233:12546,VN,Unknown
socks5://206.123.156.204:8920,VN,Unknown
socks5://206.123.156.238:6705,VN,Unknown
socks5://206.123.156.231:5482,VN,Unknown
socks5://206.123.156.254:4190,VN,Unknown
socks5://206.123.156.231:14443,VN,Unknown
socks5://206.123.156.231:17823,VN,Unknown
socks5://206.123.156.211:32469,VN,Unknown
socks5://206.123.156.211:45959,VN,Unknown
socks5://206.123.156.231:18173,VN,Unknown
socks5://206.123.156.231:14879,VN,Unknown
socks5://206.123.156.203:9658,VN,Unknown
socks5://206.123.156.220:6622,VN,Unknown
socks5://160.19.78.110:1080,VN,Unknown
socks5://206.123.156.178:4922,VN,Unknown
socks5://206.123.156.216:6168,VN,Unknown
socks5://206.123.156.189:6510,VN,Unknown
socks5://206.123.156.189:6191,VN,Unknown
socks5://206.123.156.193:6864,VN,Unknown
socks5://206.123.156.203:4808,VN,Unknown
socks5://206.123.156.182:5132,VN,Unknown
socks5://206.123.156.217:8455,VN,Unknown
socks5://206.123.156.196:12352,VN,Unknown
socks5://206.123.156.207:4613,VN,Unknown
socks5://206.123.156.220:8540,VN,Unknown
socks5://206.123.156.211:28171,VN,Unknown
socks5://206.123.156.182:4952,VN,Unknown
socks5://206.123.156.225:10749,VN,Unknown
socks5://206.123.156.203:21466,VN,Unknown
socks5://206.123.156.203:7949,VN,Unknown
socks5://206.123.156.197:5131,VN,Unknown
socks5://206.123.156.210:8001,VN,Unknown
socks4://27.75.144.159:1080,VN,Unknown
http://42.96.56.83:443,VN,Unknown
http://137.59.47.73:3128,VN,Unknown
http://103.42.54.7:3128,VN,Unknown
http://110.172.29.131:3128,VN,Unknown
http://110.172.28.217:3128,VN,Unknown
http://123.30.154.171:7777,VN,