socks5://206.123.156.204:6109,CL,Unknown
socks5://206.123.156.214:5356,CL,Unknown
socks5://206.123.156.207:6046,CL,Unknown
socks5://206.123.156.203:4843,CL,Unknown
socks5://206.123.156.222:4255,CL,Unknown
socks5://206.123.156.233:7943,CL,Unknown
socks5://206.123.156.182:10864,CL,Unknown
socks5://206.123.156.228:5824,CL,Unknown
socks5://206.123.156.225:36236,CL,Unknown
socks5://206.123.156.222:5549,CL,Unknown
socks5://206.123.156.220:4469,CL,Unknown
socks5://206.123.156.192:5156,CL,Unknown
socks5://206.123.156.231:20014,CL,Unknown
socks5://206.123.156.207:5010,CL,Unknown
socks5://206.123.156.188:41053,CL,Unknown
socks5://206.123.156.204:5300,CL,Unknown
socks5://206.123.156.231:32750,CL,Unknown
socks4://186.10.102.218:5678,CL,Unknown
socks4://190.54.100.74:5678,CL,Unknown
http://152.230.28.131:8081,CL,Unknown
http://129.151.121.143:443,CL,Unknown
http://200.75.11.94:443,CL,Unknown
http://38.7.206.186:999,CL,Unknown