socks5://206.123.156.233:4049,IE,Unknown
socks5://206.123.156.214:6479,IE,Unknown
socks5://206.123.156.217:7943,IE,Unknown
socks5://206.123.156.196:9187,IE,Unknown
socks5://206.123.156.233:4127,IE,Unknown
socks5://206.123.156.207:8764,IE,Unknown
socks5://206.123.156.196:9209,IE,Unknown
socks5://206.123.156.228:9531,IE,Unknown
socks5://206.123.156.187:4222,IE,Unknown
socks5://206.123.156.236:7415,IE,Unknown
socks5://206.123.156.231:31707,IE,Unknown
socks5://206.123.156.207:5529,IE,Unknown
socks5://206.123.156.215:15880,IE,Unknown
socks5://206.123.156.238:6043,IE,Unknown
socks5://206.123.156.224:22999,IE,Unknown
socks5://5.42.123.61:1080,IE,Unknown
http://34.248.251.170:443,IE,Unknown