socks5://206.123.156.238:4440,ES,Unknown
socks5://206.123.156.178:6191,ES,Unknown
socks5://206.123.156.214:6253,ES,Unknown
socks5://206.123.156.224:4264,ES,Unknown
socks5://206.123.156.192:7096,ES,Unknown
socks5://206.123.156.219:5137,ES,Unknown
socks5://206.123.156.188:7373,ES,Unknown
socks5://206.123.156.227:5456,ES,Unknown
socks5://206.123.156.209:4072,ES,Unknown
socks5://206.123.156.238:9591,ES,Unknown
socks5://206.123.156.220:9356,ES,Unknown
socks5://206.123.156.224:4680,ES,Unknown
socks5://206.123.156.233:5855,ES,Unknown
socks5://206.123.156.233:4268,ES,Unknown
socks5://206.123.156.231:4658,ES,Unknown
socks5://206.123.156.233:5979,ES,Unknown
socks5://206.123.156.215:38364,ES,Unknown
socks5://206.123.156.228:8013,ES,Unknown
socks5://206.123.156.219:4941,ES,Unknown
socks5://206.123.156.231:6105,ES,Unknown
socks5://206.123.156.220:11259,ES,Unknown
socks5://206.123.156.228:9378,ES,Unknown
socks5://165.154.162.178:4379,ES,Unknown
socks5://206.123.156.233:7891,ES,Unknown
socks5://206.123.156.233:4679,ES,Unknown
socks5://206.123.156.224:6399,ES,Unknown
socks5://206.123.156.192:5618,ES,Unknown
socks5://206.123.156.224:10412,ES,Unknown
socks5://206.123.156.222:5742,ES,Unknown
socks5://206.123.156.220:5847,ES,Unknown
socks5://206.123.156.222:8819,ES,Unknown
socks5://206.123.156.216:5725,ES,Unknown
socks5://206.123.156.201:6301,ES,Unknown
socks5://206.123.156.201:8466,ES,Unknown
socks5://206.123.156.220:8640,ES,Unknown
socks4://109.167.83.167:5678,ES,Unknown
http://213.96.140.33:443,ES,Unknown
http://92.190.89.133:443,ES,Unknown
http://82.194.68.10:443,ES,Unknown
http://80.24.34.107:8090,ES,Unknown
http://45.13.185.217:3128,ES,Unknown
http://141.227.128.55:3128,ES,Unknown
http://195.114.209.50:80,ES,
http://185.238.228.120:80,ES,
http://185.238.228.48:80,ES,
http://185.238.228.68:80,ES,
http://185.238.228.17:80,ES,
http://185.238.228.20:80,ES,
http://185.238.228.207:80,ES,
http://185.238.228.142:80,ES,
http://185.238.228.210:80,ES,