socks5://206.123.156.250:5702,IN,Unknown
socks5://206.123.156.178:7893,IN,Unknown
socks5://206.123.156.210:4463,IN,Unknown
socks5://206.123.156.219:4721,IN,Unknown
socks5://206.123.156.228:4257,IN,Unknown
socks5://206.123.156.204:4647,IN,Unknown
socks5://206.123.156.178:5966,IN,Unknown
socks5://206.123.156.210:5726,IN,Unknown
socks5://206.123.156.182:7108,IN,Unknown
socks5://206.123.156.238:5063,IN,Unknown
socks5://206.123.156.235:6359,IN,Unknown
socks5://206.123.156.228:8970,IN,Unknown
socks5://206.123.156.207:9943,IN,Unknown
socks5://206.123.156.204:4556,IN,Unknown
socks5://206.123.156.231:7647,IN,Unknown
socks5://206.123.156.233:7938,IN,Unknown
socks5://206.123.156.209:6267,IN,Unknown
socks5://206.123.156.222:5697,IN,Unknown
socks5://206.123.156.235:5503,IN,Unknown
socks5://206.123.156.228:5025,IN,Unknown
socks5://206.123.156.204:6463,IN,Unknown
socks5://206.123.156.231:32914,IN,Unknown
socks5://206.123.156.222:9306,IN,Unknown
socks5://206.123.156.204:10433,IN,Unknown
socks5://206.123.156.187:4228,IN,Unknown
socks5://206.123.156.209:7654,IN,Unknown
socks5://206.123.156.235:23619,IN,Unknown
socks5://206.123.156.207:9675,IN,Unknown
socks5://206.123.156.219:4698,IN,Unknown
socks5://206.123.156.222:5331,IN,Unknown
socks5://206.123.156.231:4745,IN,Unknown
socks5://206.123.156.236:6735,IN,Unknown
socks5://206.123.156.224:23742,IN,Unknown
socks5://206.123.156.198:4960,IN,Unknown
socks5://206.123.156.201:8918,IN,Unknown
socks5://206.123.156.216:20330,IN,Unknown
socks5://206.123.156.204:9283,IN,Unknown
socks4://103.50.7.242:60606,IN,Unknown
http://45.114.142.178:443,IN,Unknown
http://165.231.253.210:443,IN,Unknown
http://192.177.75.187:443,IN,Unknown
http://34.93.103.38:443,IN,Unknown
http://203.193.169.112:443,IN,Unknown
http://49.50.72.246:443,IN,Unknown
http://52.140.7.131:443,IN,Unknown
http://3.109.65.43:443,IN,Unknown
http://210.89.42.212:443,IN,Unknown
http://103.1.100.17:443,IN,Unknown
http://103.104.73.130:443,IN,Unknown
http://210.89.42.118:443,IN,Unknown
http://20.192.2.50:443,IN,Unknown
http://157.245.96.148:443,IN,Unknown
http://34.93.13.41:443,IN,Unknown
http://35.200.229.9:443,IN,Unknown
http://210.89.42.108:443,IN,Unknown
http://103.11.85.165:443,IN,Unknown
http://4.240.88.77:443,IN,Unknown
http://124.123.104.17:8092,IN,Unknown
http://128.199.19.32:443,IN,Unknown
http://14.194.104.93:443,IN,Unknown
http://14.99.141.239:443,IN,Unknown
http://4.213.225.50:443,IN,Unknown
http://4.213.167.178:80,IN,Pune
http://27.34.242.98:80,IN,Bengaluru
http://203.115.101.58:82,IN,
http://65.1.148.157:80,IN,Mumbai