socks5://206.123.156.228:4827,IL,Unknown
socks5://206.123.156.228:5082,IL,Unknown
socks5://206.123.156.195:7975,IL,Unknown
socks5://206.123.156.228:4958,IL,Unknown
socks5://206.123.156.228:6341,IL,Unknown
socks5://206.123.156.193:4315,IL,Unknown
socks5://206.123.156.197:7112,IL,Unknown
socks5://206.123.156.228:4976,IL,Unknown
socks5://206.123.156.228:6033,IL,Unknown
socks5://206.123.156.196:4468,IL,Unknown
socks5://206.123.156.228:7495,IL,Unknown
socks5://206.123.156.228:7132,IL,Unknown
socks5://206.123.156.211:16011,IL,Unknown
socks5://206.123.156.236:6241,IL,Unknown
socks5://206.123.156.201:27815,IL,Unknown