socks5://206.123.156.236:5483,PT,Unknown
socks5://206.123.156.197:20753,PT,Unknown
socks5://206.123.156.187:4624,PT,Unknown
socks5://206.123.156.220:7856,PT,Unknown
socks5://206.123.156.220:13390,PT,Unknown
socks5://206.123.156.227:6837,PT,Unknown
socks5://206.123.156.231:6519,PT,Unknown
socks5://206.123.156.235:6408,PT,Unknown
socks5://206.123.156.217:5942,PT,Unknown
socks5://206.123.156.228:42489,PT,Unknown
socks5://206.123.156.204:7824,PT,Unknown
socks5://206.123.156.207:9464,PT,Unknown
socks5://206.123.156.231:6428,PT,Unknown
socks5://206.123.156.227:45733,PT,Unknown
socks5://206.123.156.238:7897,PT,Unknown
socks5://206.123.156.217:4898,PT,Unknown
socks5://206.123.156.220:4461,PT,Unknown
socks5://206.123.156.217:7564,PT,Unknown
socks5://206.123.156.204:8244,PT,Unknown
socks5://206.123.156.204:8184,PT,Unknown
socks5://206.123.156.211:32698,PT,Unknown
socks5://206.123.156.231:7602,PT,Unknown
socks5://206.123.156.236:21397,PT,Unknown
socks5://206.123.156.220:8364,PT,Unknown
http://193.136.192.57:443,PT,Unknown
http://195.22.25.125:443,PT,Unknown
http://176.61.151.123:80,PT,