socks5://103.189.218.76:6969,BD,Unknown
socks5://202.181.16.45:52929,BD,Unknown
socks5://115.127.112.178:1080,BD,Unknown
socks5://206.123.156.254:4056,BD,Unknown
socks5://123.0.25.156:9090,BD,Unknown
socks5://206.123.156.202:4088,BD,Unknown
socks5://206.123.156.189:8627,BD,Unknown
socks5://206.123.156.210:7446,BD,Unknown
socks5://206.123.156.192:4091,BD,Unknown
socks5://206.123.156.235:7815,BD,Unknown
socks5://43.251.86.65:1080,BD,Unknown
socks5://206.123.156.238:4127,BD,Unknown
socks4://103.115.255.225:36331,BD,Unknown
http://35.247.136.78:443,BD,Unknown
http://182.160.110.154:9898,BD,Unknown
http://103.161.69.233:2698,BD,Unknown
http://119.18.147.224:10001,BD,Unknown
http://115.127.31.66:8080,BD,Dhaka
http://103.148.178.10:80,BD,Dhaka