socks5://206.123.156.233:4911,FR,Unknown
socks5://206.123.156.254:8775,FR,Unknown
socks5://206.123.156.182:8273,FR,Unknown
socks5://206.123.156.214:5846,FR,Unknown
socks5://206.123.156.233:5804,FR,Unknown
socks5://206.123.156.222:5943,FR,Unknown
socks5://206.123.156.222:6023,FR,Unknown
socks5://206.123.156.238:6116,FR,Unknown
socks5://206.123.156.219:4413,FR,Unknown
socks5://206.123.156.238:4333,FR,Unknown
socks5://206.123.156.197:4449,FR,Unknown
socks5://206.123.156.221:4308,FR,Unknown
socks5://206.123.156.207:5490,FR,Unknown
socks5://206.123.156.192:4145,FR,Unknown
socks5://206.123.156.222:4460,FR,Unknown
socks5://206.123.156.178:5252,FR,Unknown
socks5://206.123.156.178:5082,FR,Unknown
socks5://206.123.156.178:6780,FR,Unknown
socks5://206.123.156.178:4120,FR,Unknown
socks5://206.123.156.222:5990,FR,Unknown
socks5://206.123.156.178:6753,FR,Unknown
socks5://206.123.156.203:4039,FR,Unknown
socks5://206.123.156.201:6075,FR,Unknown
socks5://206.123.156.214:4031,FR,Unknown
socks5://206.123.156.228:5409,FR,Unknown
socks5://206.123.156.220:4098,FR,Unknown
socks5://206.123.156.204:10038,FR,Unknown
socks5://206.123.156.189:4381,FR,Unknown
socks5://206.123.156.224:4342,FR,Unknown
socks5://206.123.156.204:9484,FR,Unknown
socks5://206.123.156.227:4784,FR,Unknown
socks5://206.123.156.228:4128,FR,Unknown
socks5://206.123.156.224:4403,FR,Unknown
socks5://206.123.156.226:4631,FR,Unknown
socks5://206.123.156.207:4601,FR,Unknown
socks5://206.123.156.182:4161,FR,Unknown
socks5://206.123.156.222:4463,FR,Unknown
socks5://206.123.156.216:4048,FR,Unknown
socks5://206.123.156.214:5191,FR,Unknown
socks5://206.123.156.192:9928,FR,Unknown
socks5://206.123.156.197:6609,FR,Unknown
socks5://206.123.156.222:4258,FR,Unknown
socks5://206.123.156.222:6225,FR,Unknown
socks5://206.123.156.225:4002,FR,Unknown
socks5://206.123.156.222:4121,FR,Unknown
socks5://206.123.156.226:6023,FR,Unknown
socks5://206.123.156.195:5162,FR,Unknown
socks5://206.123.156.178:5293,FR,Unknown
socks5://206.123.156.222:4413,FR,Unknown
socks5://206.123.156.192:4242,FR,Unknown
socks5://206.123.156.228:5243,FR,Unknown
socks5://206.123.156.227:6710,FR,Unknown
socks5://206.123.156.207:4873,FR,Unknown
socks5://206.123.156.233:4800,FR,Unknown
socks5://206.123.156.225:5521,FR,Unknown
socks5://206.123.156.222:4625,FR,Unknown
socks5://206.123.156.215:7926,FR,Unknown
socks5://206.123.156.224:5415,FR,Unknown
socks5://206.123.156.215:4771,FR,Unknown
socks5://206.123.156.233:8665,FR,Unknown
socks5://206.123.156.233:6951,FR,Unknown
socks5://206.123.156.233:8240,FR,Unknown
socks5://206.123.156.226:5814,FR,Unknown
socks5://206.123.156.191:6045,FR,Unknown
socks5://206.123.156.233:8285,FR,Unknown
socks5://206.123.156.224:6285,FR,Unknown
socks5://206.123.156.224:5748,FR,Unknown
socks5://206.123.156.224:5710,FR,Unknown
socks5://206.123.156.187:5017,FR,Unknown
socks5://206.123.156.222:4787,FR,Unknown
socks5://206.123.156.233:4882,FR,Unknown
socks5://206.123.156.233:7932,FR,Unknown
socks5://206.123.156.228:5971,FR,Unknown
socks5://206.123.156.187:6167,FR,Unknown
socks5://206.123.156.217:22466,FR,Unknown
socks5://206.123.156.182:4076,FR,Unknown
socks5://206.123.156.224:5585,FR,Unknown
socks5://206.123.156.182:4369,FR,Unknown
socks5://206.123.156.227:5928,FR,Unknown
socks5://206.123.156.227:6964,FR,Unknown
socks5://206.123.156.217:4523,FR,Unknown
socks5://206.123.156.187:4864,FR,Unknown
socks5://206.123.156.228:4065,FR,Unknown
socks5://206.123.156.228:5305,FR,Unknown
socks5://206.123.156.225:6197,FR,Unknown
socks5://206.123.156.187:7348,FR,Unknown
socks5://206.123.156.222:5040,FR,Unknown
socks5://206.123.156.188:8642,FR,Unknown
socks5://206.123.156.207:4035,FR,Unknown
socks5://206.123.156.188:4960,FR,Unknown
socks5://206.123.156.222:4631,FR,Unknown
socks5://206.123.156.178:5111,FR,Unknown
socks5://206.123.156.214:5140,FR,Unknown
socks5://206.123.156.227:46738,FR,Unknown
socks5://206.123.156.224:4350,FR,Unknown
socks5://206.123.156.231:6686,FR,Unknown
socks5://206.123.156.227:45870,FR,Unknown
socks5://206.123.156.204:10363,FR,Unknown
socks5://206.123.156.231:6611,FR,Unknown
socks5://206.123.156.219:4087,FR,Unknown
socks5://206.123.156.219:4416,FR,Unknown
socks5://206.123.156.215:8669,FR,Unknown
socks5://206.123.156.233:5204,FR,Unknown
socks5://206.123.156.224:9944,FR,Unknown
socks5://206.123.156.214:5361,FR,Unknown
socks5://206.123.156.235:5880,FR,Unknown
socks5://206.123.156.211:4743,FR,Unknown
socks5://206.123.156.233:8657,FR,Unknown
socks5://206.123.156.220:5582,FR,Unknown
socks5://206.123.156.217:4129,FR,Unknown
socks5://206.123.156.217:5286,FR,Unknown
socks5://206.123.156.192:4477,FR,Unknown
socks5://206.123.156.222:4084,FR,Unknown
socks5://206.123.156.216:5241,FR,Unknown
socks5://206.123.156.215:5746,FR,Unknown
socks5://206.123.156.236:7124,FR,Unknown
socks5://206.123.156.219:5999,FR,Unknown
socks5://206.123.156.220:5327,FR,Unknown
socks5://206.123.156.178:5380,FR,Unknown
socks5://206.123.156.220:4995,FR,Unknown
socks5://206.123.156.225:4903,FR,Unknown
socks5://206.123.156.215:10933,FR,Unknown
socks5://206.123.156.222:4437,FR,Unknown
socks5://206.123.156.189:4578,FR,Unknown
socks5://206.123.156.224:5503,FR,Unknown
socks5://206.123.156.189:4692,FR,Unknown
socks5://206.123.156.197:5071,FR,Unknown
socks5://158.178.198.31:1080,FR,Unknown
socks5://206.123.156.211:5132,FR,Unknown
socks5://206.123.156.215:5404,FR,Unknown
socks5://206.123.156.236:5545,FR,Unknown
socks5://206.123.156.215:7206,FR,Unknown
socks5://206.123.156.211:42857,FR,Unknown
socks5://206.123.156.236:32657,FR,Unknown
socks5://206.123.156.201:4020,FR,Unknown
socks5://206.123.156.217:5108,FR,Unknown
socks5://206.123.156.211:30411,FR,Unknown
socks5://206.123.156.201:4658,FR,Unknown
socks5://206.123.156.188:4373,FR,Unknown
socks5://206.123.156.217:22481,FR,Unknown
socks5://206.123.156.238:4172,FR,Unknown
socks5://206.123.156.188:5413,FR,Unknown
socks5://206.123.156.195:11076,FR,Unknown
socks5://206.123.156.215:4014,FR,Unknown
socks5://164.132.168.87:50161,FR,Unknown
socks5://206.123.156.204:5352,FR,Unknown
socks5://206.123.156.191:4309,FR,Unknown
socks5://206.123.156.201:5078,FR,Unknown
socks5://206.123.156.201:5287,FR,Unknown
socks5://206.123.156.194:6667,FR,Unknown
socks5://206.123.156.201:5052,FR,Unknown
socks5://206.123.156.201:6301,FR,Unknown
socks5://206.123.156.217:4654,FR,Unknown
socks5://206.123.156.201:4956,FR,Unknown
socks5://206.123.156.228:5162,FR,Unknown
socks5://206.123.156.215:8634,FR,Unknown
socks5://206.123.156.227:6895,FR,Unknown
socks5://206.123.156.220:4918,FR,Unknown
socks4://185.178.185.100:1080,FR,Unknown
http://51.38.191.151:443,FR,Unknown
http://84.17.43.225:9443,FR,Unknown
http://5.189.184.6:443,FR,Unknown
http://173.249.37.45:5006,FR,Unknown
http://173.249.37.45:5051,FR,Unknown
http://51.38.94.252:443,FR,Unknown
http://51.68.192.76:14443,FR,Unknown
http://178.237.108.214:443,FR,Unknown
http://194.195.87.167:8080,FR,Unknown
http://193.49.168.97:443,FR,Unknown
http://207.180.228.55:443,FR,Unknown
http://195.200.166.126:443,FR,Unknown
http://51.38.179.176:443,FR,Unknown
http://89.234.183.82:443,FR,Unknown
http://194.195.87.167:8081,FR,Unknown
http://51.91.251.117:443,FR,Unknown
http://195.154.187.64:443,FR,Unknown
http://185.245.136.97:443,FR,Unknown
http://193.49.168.100:443,FR,Unknown
http://173.212.253.71:443,FR,Unknown
http://37.59.112.197:443,FR,Unknown
http://51.15.135.81:443,FR,Unknown
http://51.68.192.76:443,FR,Unknown
http://37.59.110.73:443,FR,Unknown
http://109.190.196.5:8090,FR,Unknown
http://217.108.6.203:443,FR,Unknown
http://164.132.229.148:443,FR,Unknown
http://217.181.201.254:8090,FR,Unknown
http://193.251.72.202:8090,FR,Unknown
http://45.80.24.144:8090,FR,Unknown
http://82.96.128.175:8090,FR,Unknown
http://83.206.1.225:8090,FR,Unknown
http://217.182.193.237:443,FR,Unknown
http://83.172.143.53:4443,FR,Unknown
http://144.91.80.51:443,FR,Unknown
http://51.75.21.24:443,FR,Unknown
http://54.36.110.57:443,FR,Unknown
http://149.12.210.39:443,FR,Unknown
http://130.180.211.56:443,FR,Unknown
http://51.195.107.205:443,FR,Unknown
http://80.124.109.22:8090,FR,Unknown
http://80.15.99.54:8090,FR,Unknown
http://37.187.109.70:10111,FR,Unknown
http://38.242.212.16:3128,FR,Unknown
http://185.198.27.38:3128,FR,Unknown
http://173.245.49.114:80,FR,Paris
http://173.245.49.38:80,FR,Paris
http://173.245.49.69:80,FR,Paris
http://173.245.49.20:80,FR,Paris
http://173.245.49.37:80,FR,Paris
http://173.245.49.41:80,FR,Paris
http://173.245.49.190:80,FR,Paris
http://173.245.49.28:80,FR,Paris
http://173.245.49.108:80,FR,Paris
http://173.245.49.157:80,FR,Paris
http://173.245.49.92:80,FR,Paris
socks5://185.194.217.97:1080,FR,Lauterbourg
socks5://194.163.182.6:1080,FR,Lauterbourg
http://173.245.49.47:80,FR,Paris
http://173.245.49.100:80,FR,Paris
http://173.245.49.244:80,FR,Paris
http://173.245.49.214:80,FR,Paris
http://173.245.49.59:80,FR,Paris
http://173.245.49.154:80,FR,Paris
http://173.245.49.55:80,FR,Paris
http://173.245.49.24:80,FR,Paris
http://173.245.49.153:80,FR,Paris
http://173.245.49.130:80,FR,Paris
http://173.245.49.208:80,FR,Paris
http://173.245.49.217:80,FR,Paris
http://173.245.49.21:80,FR,Paris
http://173.245.49.230:80,FR,Paris
http://173.245.49.240:80,FR,Paris
http://173.245.49.229:80,FR,Paris
http://173.245.49.42:80,FR,Paris
http://40.89.145.14:80,FR,Paris
http://173.245.49.156:80,FR,Paris
http://173.245.49.76:80,FR,Paris
http://173.245.49.14:80,FR,Paris
http://173.245.49.147:80,FR,Paris
http://173.245.49.25:80,FR,Paris
http://173.212.246.157:3128,FR,Lauterbourg
http://173.245.49.247:80,FR,Paris
http://173.245.49.113:80,FR,Paris
http://173.245.49.43:80,FR,Paris
http://173.245.49.248:80,FR,Paris
http://173.245.49.224:80,FR,Paris
http://173.245.49.116:80,FR,Paris
http://173.245.49.98:80,FR,Paris
http://173.245.49.171:80,FR,Paris
http://173.245.49.8:80,FR,Paris
http://173.245.49.218:80,FR,Paris
http://173.245.49.194:80,FR,Paris
http://173.245.49.39:80,FR,Paris
http://173.245.49.10:80,FR,Paris
http://173.245.49.141:80,FR,Paris
http://173.245.49.119:80,FR,Paris
http://173.245.49.73:80,FR,Paris
http://173.245.49.148:80,FR,Paris
http://173.245.49.128:80,FR,Paris