socks5://206.123.156.216:4963,LK,Unknown
socks5://206.123.156.215:4702,LK,Unknown
socks5://206.123.156.227:10707,LK,Unknown
socks5://206.123.156.220:43159,LK,Unknown
socks5://206.123.156.193:9780,LK,Unknown
socks5://206.123.156.204:8592,LK,Unknown
socks5://206.123.156.211:4481,LK,Unknown
socks5://206.123.156.235:9611,LK,Unknown
socks5://206.123.156.215:10174,LK,Unknown
socks5://206.123.156.236:4924,LK,Unknown
socks5://206.123.156.236:4834,LK,Unknown
socks5://206.123.156.236:5098,LK,Unknown
socks5://206.123.156.201:4640,LK,Unknown
socks5://206.123.156.211:4375,LK,Unknown