socks5://206.123.156.222:5935,SE,Unknown
socks5://206.123.156.214:4076,SE,Unknown
socks5://206.123.156.188:4316,SE,Unknown
socks5://206.123.156.227:4122,SE,Unknown
socks5://206.123.156.227:4096,SE,Unknown
socks5://206.123.156.213:5244,SE,Unknown
socks5://206.123.156.220:7816,SE,Unknown
socks5://206.123.156.217:4486,SE,Unknown
socks5://206.123.156.227:4255,SE,Unknown
socks5://206.123.156.217:4945,SE,Unknown
socks5://206.123.156.226:4808,SE,Unknown
socks5://206.123.156.222:7825,SE,Unknown
socks5://206.123.156.231:6889,SE,Unknown
socks5://206.123.156.222:8367,SE,Unknown
socks5://206.123.156.204:9840,SE,Unknown
socks5://206.123.156.188:4693,SE,Unknown
socks5://206.123.156.233:8575,SE,Unknown
socks5://206.123.156.188:4737,SE,Unknown
socks5://206.123.156.201:6052,SE,Unknown
socks5://206.123.156.226:36454,SE,Unknown
socks5://206.123.156.226:36450,SE,Unknown
socks5://206.123.156.217:6071,SE,Unknown
socks5://206.123.156.187:45173,SE,Unknown
socks5://206.123.156.204:8847,SE,Unknown
socks5://206.123.156.196:5335,SE,Unknown
socks5://206.123.156.203:6119,SE,Unknown
socks5://206.123.156.211:44755,SE,Unknown
socks5://206.123.156.204:10494,SE,Unknown
socks5://206.123.156.225:42956,SE,Unknown
socks5://206.123.156.220:12986,SE,Unknown
socks5://206.123.156.178:40537,SE,Unknown
socks5://206.123.156.236:5700,SE,Unknown
socks5://206.123.156.236:6429,SE,Unknown
socks5://206.123.156.215:26680,SE,Unknown
socks5://171.25.158.95:1080,SE,Unknown
socks5://206.123.156.201:4614,SE,Unknown
socks5://206.123.156.196:25749,SE,Unknown
socks5://206.123.156.216:8005,SE,Unknown
socks5://206.123.156.215:27318,SE,Unknown
socks5://206.123.156.220:8529,SE,Unknown
socks5://206.123.156.231:20786,SE,Unknown
socks5://206.123.156.231:27091,SE,Unknown
socks5://206.123.156.197:28012,SE,Unknown
socks5://206.123.156.231:26662,SE,Unknown
socks5://206.123.156.196:27116,SE,Unknown
socks5://206.123.156.231:28290,SE,Unknown
socks5://206.123.156.195:24323,SE,Unknown
socks5://206.123.156.215:26783,SE,Unknown
socks5://206.123.156.216:8351,SE,Unknown
socks5://206.123.156.231:25638,SE,Unknown
socks5://206.123.156.201:8634,SE,Unknown
socks5://206.123.156.236:20250,SE,Unknown
socks5://206.123.156.195:24929,SE,Unknown
socks5://206.123.156.201:8140,SE,Unknown
socks5://206.123.156.215:28358,SE,Unknown
socks5://206.123.156.220:8029,SE,Unknown
socks5://206.123.156.236:21811,SE,Unknown
socks5://206.123.156.195:23846,SE,Unknown
socks5://206.123.156.195:25018,SE,Unknown
socks5://206.123.156.215:28380,SE,Unknown
socks5://206.123.156.195:26236,SE,Unknown
socks5://206.123.156.231:28168,SE,Unknown
socks5://206.123.156.197:26693,SE,Unknown
socks5://206.123.156.227:8317,SE,Unknown
socks5://206.123.156.192:8489,SE,Unknown
socks5://206.123.156.197:27837,SE,Unknown
socks4://81.228.44.187:65530,SE,Unknown
socks4://195.160.223.99:9050,SE,Unknown
http://77.221.136.60:8443,SE,Unknown
http://52.47.115.41:35766,SE,Unknown
http://185.146.173.20:80,SE,