socks5://206.123.156.222:8155,AE,Unknown
socks5://206.123.156.197:4806,AE,Unknown
socks5://206.123.156.207:4709,AE,Unknown
socks5://206.123.156.220:4243,AE,Unknown
socks5://206.123.156.189:9138,AE,Unknown
socks5://206.123.156.226:4408,AE,Unknown
socks5://206.123.156.222:6012,AE,Unknown
socks5://206.123.156.207:4355,AE,Unknown
socks5://206.123.156.191:4805,AE,Unknown
socks5://206.123.156.191:4477,AE,Unknown
socks5://206.123.156.182:8727,AE,Unknown
socks5://206.123.156.225:6716,AE,Unknown
socks5://206.123.156.197:5488,AE,Unknown
socks5://206.123.156.226:5771,AE,Unknown
socks5://206.123.156.225:4567,AE,Unknown
socks5://206.123.156.197:5461,AE,Unknown
socks5://206.123.156.219:8412,AE,Unknown
socks5://206.123.156.222:4634,AE,Unknown
socks5://206.123.156.219:7316,AE,Unknown
socks5://206.123.156.219:8054,AE,Unknown
socks5://206.123.156.219:6799,AE,Unknown
socks5://206.123.156.224:30272,AE,Unknown
socks5://206.123.156.231:12013,AE,Unknown
socks5://206.123.156.231:12790,AE,Unknown
socks5://206.123.156.219:6175,AE,Unknown
socks5://206.123.156.188:20141,AE,Unknown
socks5://206.123.156.224:23956,AE,Unknown
socks5://206.123.156.178:20147,AE,Unknown
socks5://206.123.156.224:23813,AE,Unknown
socks5://206.123.156.224:22182,AE,Unknown
socks5://206.123.156.178:22066,AE,Unknown
socks5://206.123.156.220:8556,AE,Unknown
http://151.243.213.105:10809,AE,